ID,Nombre de la Unidad Económica,Razón social,Código de la clase de actividad SCIAN,Nombre de clase de la actividad,Descripcion estrato personal ocupado,Tipo de vialidad,Nombre de la vialidad,Tipo de entre vialidad 1,Nombre de entre vialidad 1,Tipo de entre vialidad 2,Nombre de entre vialidad 2,Tipo de entre vialidad 3,Nombre de entre vialidad 3,Número exterior o kilómetro,Letra exterior,Edificio,Edificio Piso,Número interior,Letra interior,Tipo de asentamiento humano,Nombre de asentamiento humano,Tipo centro comercial,"Corredor industrial, centro comercial o mercado público",Número de local,Código Postal,Clave entidad,Entidad federativa,Clave municipio,Municipio,Clave localidad,Localidad,Área geoestadística básica ,Manzana,Número de teléfono,Correo electrónico,Sitio en Internet,Tipo de establecimiento,Latitud,Longitud,Fecha de incorporación al DENUE
6777145,ADMINISTRACION HOSPITAL INNOVARE,CIRUJIA PLASTICA SIGLO XXI  SAPI DE CV,622111,Hospitales generales del sector privado,101 a 250 personas,CALLE,VERONA,EJE VIAL,NINGUNO,PASAJE,NINGUNO,EJE VIAL,NINGUNO,0,SN,CENTRAL CAMIONERA,17,,,COLONIA,VIRREYES RESIDENCIAL,CENTRAL CAMIONERA,INNOVARE,0,45110,14,JALISCO,120,Zapopan,1,Zapopan,5942,1,,,WWW.INNOVARECIRUGIAPLASTICA.COM,Fijo,20.70244825,-103.4459125,2017-03
1961978,AMERICAS HOSPITAL,AMERICAS HOSPITAL ,622111,Hospitales generales del sector privado,11 a 30 personas,AVENIDA,AVENIDA DE LAS AMERICAS,AVENIDA,ADOLFO LOPEZ MATEOS NORTE,CALLE,REGIDORES,CALLE,NINGUNO,932,,,,,,COLONIA,CHAPULTEPEC COUNTRY,,,,44620,14,JALISCO,39,Guadalajara,1,Guadalajara,4870,10,3338173141,ADMIN@AMERICASHOSPITAL.COM,WWW.AMERICASHOSPITAL.COM,Fijo,20.69463929,-103.3731026,2010-07
8605923,BANCO MERCNATIL DEL NORTE,BANCO MERCANTIL DEL NORTE SA DE CV,622111,Hospitales generales del sector privado,0 a 5 personas,PROLONGACION,PROLONGACION DE LAS AMERICAS,AVENIDA,ADOLFO LOPEZ MATEOS NORTE,CALLE,BUENOS AIRES,CALLE,FILADELFIA,1545,,,,,,COLONIA,PROVIDENCIA,,,,44630,14,JALISCO,39,Guadalajara,1,Guadalajara,596,16,3333932366,,WWW.BANORTE.COM,Fijo,20.69740042,-103.3739461,2019-11
7151661,CARDIOLOGÍA INTEGRAL ARBOLEDAS,CARDIOLOGIA INTEGRAL ARBOLEDAS SC,622311,Hospitales del sector privado de otras especialidades médicas,0 a 5 personas,AVENIDA,NICOLAS COPERNICO,CALLE,NICOLAS COPERNICO,CALLE,PEDRO SIMON LAPLACE,CALLE,VÍA LÁCTEA,4044,12,,,0,,COLONIA,ARBOLEDAS,,,,45070,14,JALISCO,120,Zapopan,1,Zapopan,4465,14,,,WWW.CARDIOVITAL.COM.MX,Fijo,20.63062529,-103.4234699,2019-11
1720218,CASA DE LA SALUD,HONORABLE AYUNTAMIENTO DE TONALA ,622112,Hospitales generales del sector público,0 a 5 personas,CALLE,EMILIANO ZAPATA,CALLE,BENITO JUAREZ,CALLE,FRANCISCO VILLA,CALLE,ÁLVARO OBREGÓN,,SN,,,,,COLONIA,SAN MIGUEL LA PUNTA,,,,45425,14,JALISCO,101,Tonalá,27,La Punta,2355,1,,,,Fijo,20.56978658,-103.2101327,2014-12
1798495,CECIS CLÍNICA DE MEDICINA FAMILIAR CON ESPECIALIDADES Y QUIRIOFANO,INSTITUTO DE SEGURIDAD Y SERVICIOS SOCIALES DE LOS TRABAJADORES DEL ESTADO ,622312,Hospitales del sector público de otras especialidades médicas,101 a 250 personas,CALLE,SAN FELIX,CALLE,SAN EFREN,CALLE,SIN REFERENCIA,CALLE,SIN REFERENCIA,,SN,,,,,COLONIA,FOVISSSTE ESTADIO,,,,44240,14,JALISCO,39,Guadalajara,1,Guadalajara,4955,36,,,,Fijo,20.71041006,-103.3235796,2014-12
1799826,CENTRO DE ATENCIÓN A ENFERMOS RENALES SAN FRANCISCO,,622111,Hospitales generales del sector privado,6 a 10 personas,CALLE,DONATO GUERRA,AVENIDA,NIÑOS HEROES,CALLE,FERMIN RIESTRA,CALLE,COLÓN,781,A,,,,,COLONIA,MODERNA,,,,44190,14,JALISCO,39,Guadalajara,1,Guadalajara,2164,10,3336144355,CONTACTO@CAERSANFRANCISCO.COM,WWW.CAERSANFRANCISCO.COM,Fijo,20.66426653,-103.3531695,2014-12
1859073,CENTRO DE ATENCIÓN EN SALUD EMOCIONAL,,622211,Hospitales psiquiátricos y para el tratamiento por adicción del sector privado,0 a 5 personas,CALLE,EFRAIN GONZALEZ LUNA,CALLE,LOPE DE VEGA,CALLE,FRANCISCO DE QUEVEDO,CALLE,LERDO DE TEJADA,2534,,,,3,,COLONIA,ARCOS VALLARTA,,,,44130,14,JALISCO,39,Guadalajara,1,Guadalajara,1560,2,,DR.MARIOAGUILAR@HOTMAIL.COM,,Fijo,20.66966092,-103.3806995,2010-07
8653376,CENTRO DE ATENCIÓN INTEGRAL EN SALUD MENTAL DE ASISTENCIA PROLONGADA,INSTITUTO JALISCIENSE DE SALUD MENTAL ,622212,Hospitales psiquiátricos y para el tratamiento por adicción del sector público,251 y más personas,CALLE,DOCTOR ROBERTO MICHEL,PRIVADA,FLOR DE TULIPAN,CALLE,FLOR DE NARDO,CALLE,FLOR DE AZALEA,,SN,,,,,LOCALIDAD,ZAPOTE DEL VALLE,,,,45672,14,JALISCO,97,Tlajomulco de Zúñiga,41,Zapote del Valle (Zapote de Santa Cruz),1009,8,,,,Fijo,20.51328335,-103.3001749,2019-11
7781154,CENTRO DE DIAGNOSTICO,,622111,Hospitales generales del sector privado,0 a 5 personas,CALLE,TARASCOS,CALLE,LACANDONES,CALLE,RINCONADA DEL NARDO,CALLE,TOLTECAS,3514,,"HOSPITAL, CENTRO MEDICO O CLINICA",17,112,,COLONIA,MINERVA,"HOSPITAL, CENTRO MEDICO O CLINICA",CENTRO DE DIACNOSTICO INTEGRAL,112,44670,14,JALISCO,39,Guadalajara,1,Guadalajara,1043,6,,,,Fijo,20.68128313,-103.3987896,2019-11
6340213,CENTRO MÉDICO PUERTA DE HIERRO,OCP OPERADORA CLINICA DEL PACIFICO SA DE CV,622111,Hospitales generales del sector privado,251 y más personas,BOULEVARD,PUERTA DE HIERRO,CALLE,PASEO DE LOS VIRREYES,AVENIDA,EMPRESARIOS,AVENIDA,EMPRESARIOS,5150,CS,,,2,,COLONIA,PUERTA DE HIERRO,,,,45116,14,JALISCO,120,Zapopan,1,Zapopan,3306,26,,GABY_PONCE_@HOTMAIL.COM,,Fijo,20.70883707,-103.4134983,2011-03
1702636,CENTRO MÉDICO PUERTA DE HIERRO HOSPITAL AMBULATORIO,CENTRO CIRUGÍA AVANZADA SIGLO XXI SA DE CV,622311,Hospitales del sector privado de otras especialidades médicas,0 a 5 personas,BOULEVARD,PUERTA DE HIERRO,CALLE,PASEO DE LOS VIRREYES,AVENIDA,EMPRESARIOS,AVENIDA,EMPRESARIOS,5150,,,,1,B,COLONIA,PUERTA DE HIERRO,,,,45116,14,JALISCO,120,Zapopan,1,Zapopan,3306,26,,GAABRIELA.PONCE@CMPDH.MX,WWW.CMPDH.NET,Fijo,20.7091435,-103.4138548,2011-03
1651496,CENTRO MÉDICO PUERTA DE HIERRO SUR,OCP OPERADORA CLINICA DEL PACIFICO SA DE CV,622111,Hospitales generales del sector privado,251 y más personas,AVENIDA,LÓPEZ MATEOS SUR,CALLE,CEDRO,CALLE,PUENTE EL PALOMAR,CALLE,NINGUNO,1401,,,,0,,COLONIA,TLAJOMULCO DE ZUÑIGA,,,,45640,14,JALISCO,97,Tlajomulco de Zúñiga,424,La Tijera,443,1,,,,Fijo,20.58951179,-103.443295,2011-03
9124781,CENTRO OFTALMOLÓGICO SAN ÁNGEL,,622111,Hospitales generales del sector privado,0 a 5 personas,CALZADA,JUAN PABLO II,CALLE,HACIENDA DEL CARMEN,AVENIDA,JOAQUIN AMARO,CALLE,GABRIEL RUÍZ,2757,,,,,,COLONIA,SANTA CECILIA,,,,44700,14,JALISCO,39,Guadalajara,1,Guadalajara,524,23,,SANANGEL.SANTACECILIA@GMAIL.COM,,Fijo,20.69981084,-103.2912037,2019-11
6436157,CLÍNICA, ,622311,Hospitales del sector privado de otras especialidades médicas,11 a 30 personas,CALLE,RÍO LAGOS,CALLE,RÍO LA BARCA,CALLE,RÍO SAN JUAN DE DIOS,,NINGUNO,,,,,,SN,COLONIA,ATLAS,,,,44870,14,JALISCO,39,Guadalajara,1,Guadalajara,2639,7,,,,Fijo,20.64514655,-103.3290051,2010-07
7781820,CLÍNICA 2 DEL ISSSTE,CLINICA 2 DEL ISSSTE ,622112,Hospitales generales del sector público,101 a 250 personas,CALLE,GENERAL EULOGIO PARRA,CALLE,PEDRO ANTONIO BUZETA,CALLE,AGUSTIN DE ITURBIDE,CALLE,ARISTA,1700,,,,,,COLONIA,VILLASEÑOR,,,,44600,14,JALISCO,39,Guadalajara,1,Guadalajara,952,16,,,,Fijo,20.68709105,-103.3692801,2019-11
9163262,CLÍNICA DE ONCOLOGIA ZURICH,ONCOMEDICA QUIRURGICA ZURICH SA DE CV,622311,Hospitales del sector privado de otras especialidades médicas,0 a 5 personas,AVENIDA,MEXICO,AVENIDA,ADOLFO LOPEZ MATEOS NORTE,CALLE,TERRANOVA,CALLE,REFORMA,2764,,,,,,COLONIA,CIRCUNVALACION VALLARTA,,,,44680,14,JALISCO,39,Guadalajara,1,Guadalajara,4917,32,,,,Fijo,20.67970019,-103.3864563,2019-11
1957451,CLINICA DE RADIOTERAPIA,CLINICA DE RADIOTERAPIA DE OCCIDENTE SA DE CV,622311,Hospitales del sector privado de otras especialidades médicas,11 a 30 personas,AVENIDA,PATRIA,CALLE,ANTOFAGASTA,CALLE,HIPODROMO,CALLE,BARRANQUILLA,2073,,,,,2073,COLONIA,COLOMOS PROVIDENCIA,,,,44620,14,JALISCO,39,Guadalajara,1,Guadalajara,26,2,,JAOERICSON@HOTMAIL.COM,WWW.CLINICADERADIOTERAPIAGUADALAJARA.COM.MX,Fijo,20.71085589,-103.3819992,2010-07
1832445,CLÍNICA DEL PILAR,CLINICA DEL PILAR SC,622111,Hospitales generales del sector privado,31 a 50 personas,CALLE,MIGUEL HIDALGO Y COSTILLA,BOULEVARD,HOMERO,CALLE,HERODOTO,CALLE,JUSTO SIERRA,3252,,,,0,,COLONIA,VALLARTA SAN JORGE,,,,44690,14,JALISCO,39,Guadalajara,1,Guadalajara,1274,6,,CLINICA_DEL_PILAR@HOTMAIL.COM,,Fijo,20.67642529,-103.3975098,2010-07
1917451,CLÍNICA EL BRISEÑO,CLINICA EL BRISEÑO NUESTRA SEÑORA DE GUADALUPE SC,622111,Hospitales generales del sector privado,11 a 30 personas,AVENIDA,LAS TORRES,CALLE,SAN ANTONIO,CALLE,COLONOS UNIDOS,CALLE,PLAYITAS,31,,,,,,COLONIA,EL BRISEÑO,,,,45326,14,JALISCO,120,Zapopan,1,Zapopan,4499,6,3336844341,,,Fijo,20.62649076,-103.4363511,2010-07
1643703,CLÍNICA HOSPITAL DIAGNOSIS,,622111,Hospitales generales del sector privado,11 a 30 personas,CALLE,RIO JUAREZ,CALLE,FRANCISCO DE MIRANDA,CALLE,MATAMOROS,CALLE,FRANCISCO DE MIRANDA,199,A,,,,,BARRIO,TLAQUEPAQUE CENTRO,"HOSPITAL, CENTRO MEDICO O CLINICA",HOSPITAL,SN,45500,14,JALISCO,98,San Pedro Tlaquepaque,1,Tlaquepaque,007A,1,3336399817,,,Fijo,20.63834109,-103.3136343,2010-07
1884175,CLÍNICA HOSPITAL MARIANA,OPERADORA DE HOSPITALES MARIANA SA DE CV,622111,Hospitales generales del sector privado,11 a 30 personas,CALLE,MONTE JURA,CALLE,ROGELIO BACON,CALLE,SIERRA LEONA,CIRCUITO,DIVISIÓN DEL NORTE,200,,,,,,COLONIA,INDEPENDECIA,,,,44379,14,JALISCO,39,Guadalajara,1,Guadalajara,399,10,3336378485,CLINICAHOSPITALMARIANA@HOTMAIL.COM,,Fijo,20.69716369,-103.3343923,2010-07
7781871,CLÍNICA IMER,INSTITUTO IMER DE OCCIDENTE SC,622111,Hospitales generales del sector privado,11 a 30 personas,AVENIDA,PABLO NERUDA,CALLE,VICTORIA,CALLE,NUEVA ESCOCIA,CALLE,BOGOTA,3148,,,,0,,COLONIA,PROVIDENCIA 4 TA. SECCION,,,,44639,14,JALISCO,39,Guadalajara,1,Guadalajara,280,17,,INFO@CLINICAIMER.COM,WWW.CLINICAIMER.COM,Fijo,20.69736847,-103.3899082,2019-11
1691776,CLÍNICA JUAN SANDOVAL IÑIGUEZ,,622311,Hospitales del sector privado de otras especialidades médicas,0 a 5 personas,CALLE,AGUASCALIENTES,CALLE,ALLENDE,CALLE,HIDALGO,AVENIDA,JALISCO,334,,,,0,,COLONIA,EL MANTE,,,,45235,14,JALISCO,120,Zapopan,1,Zapopan,2543,18,,SALUDAC@GMAIL.COM,WWW.SALUDDELOSENFERMOS.COM,Fijo,20.60728659,-103.4231296,2014-12
1856448,CLÍNICA MACIAS,CLINICA MACIAS SA DE CV,622311,Hospitales del sector privado de otras especialidades médicas,31 a 50 personas,CALLE,JOSE LUIS VERDIA,CALLE,GOMEZ FARIAS,CALLE,ALDAMA,CALLE,MATAMOROS,120,,,,,120,COLONIA,ANALCO,,,,44450,14,JALISCO,39,Guadalajara,1,Guadalajara,1912,18,,,,Fijo,20.67052891,-103.33607,2010-07
1689997,CLÍNICA MÉDICO QUIRURGICA FERROCARRIL,CLINICA MEDICO QUIRURGICA FERROCARRIL SA DE CV,622111,Hospitales generales del sector privado,6 a 10 personas,CALLE,10,CALLE,7,CALLE,5,CALLE,10-A,1794,,,,,,COLONIA,FERROCARRIL,,,,44440,14,JALISCO,39,Guadalajara,1,Guadalajara,5347,21,,CMQ@LIVE.COM.MX,,Fijo,20.64628994,-103.3508946,2014-12
6744112,CLÍNICA NUESTRA SEÑORA DE GUADALUPE,NUCLEO MEDICO Y HOSPITALARIO NUESTRA SEÑORA DE GUADALUPE SC,622111,Hospitales generales del sector privado,31 a 50 personas,CALLE,ANTIGUA CARRETERA A CHAPALA,CALLE,ANILLO PERIFERICO SUR,CALLE,NINGUNO,CALLE,NINGUNO,6090,A,,,,,COLONIA,LA LADRILLERA,,,,45590,14,JALISCO,98,San Pedro Tlaquepaque,1,Tlaquepaque,2752,23,3314175133,NUCLEO_SC@HOTMAIL.COM,,Fijo,20.5837948,-103.3320653,2016-10
1845830,CLÍNICA NUESTRA SEÑORA DEL ROSARIO,,622311,Hospitales del sector privado de otras especialidades médicas,11 a 30 personas,CALLE,DIONISIO RODRIGUEZ,CALLE,MANUEL DOBLADO,CALLE,CHURUBUSCO,CALLE,JOSEFA ORTIZ DE DOMÍNGUEZ,493,,,,,,COLONIA,SAN JUAN DE DIOS,,,,44360,14,JALISCO,39,Guadalajara,1,Guadalajara,1645,9,3336541478,,,Fijo,20.67454158,-103.3320732,2010-07
1843057,CLÍNICA REGIONAL 45,INSTITUTO MEXICANO DEL SEGURO SOCIAL CLÍNICA REGIONAL 45 ,622112,Hospitales generales del sector público,101 a 250 personas,CALLE,GREGORIO DAVILA,CALLE,REFORMA,CALLE,SAN FELIPE,CALLE,NICOLÁS ROMERO,299,,,,0,,COLONIA,VILLAFLORES,,,,44660,14,JALISCO,39,Guadalajara,1,Guadalajara,1325,26,3338251822,,,Fijo,20.6798688,-103.361268,2010-07
1653932,CLÍNICA SAN PEDRO APOSTOL,,622311,Hospitales del sector privado de otras especialidades médicas,11 a 30 personas,CALLE,EMILIO CARRANZA,AVENIDA,AVENIDA DE LA CRUZ,CALLE,REPUBLICA DE PERU,CALLE,5 DE MAYO,463,,,,,,COLONIA,COLONIAL TLAQUEPAQUE,,,,45570,14,JALISCO,98,San Pedro Tlaquepaque,1,Tlaquepaque,2165,18,3336577508,,,Fijo,20.62968291,-103.3093945,2010-07
1835578,CLÍNICA SANTA MARIA DE GUADALUPE,CLINICA SANTA MARIA DE GUADALUPE SA DE CV,622111,Hospitales generales del sector privado,11 a 30 personas,CALLE,LIBERTAD,CALLE,MOCTEZUMA,CALLE,NICOLAS BRAVO,CALLE,INDUSTRIA,265,,,,0,,COLONIA,ZAPOPAN CENTRO,,,,45100,14,JALISCO,120,Zapopan,1,Zapopan,265,5,,ADMINISTRACION@CLINICASANTAMARIADEGUADALUPE.COM.MX,,Fijo,20.7262934,-103.3931939,2010-07
1742027,CLÍNICA SANTA ROSA,,622311,Hospitales del sector privado de otras especialidades médicas,6 a 10 personas,CALLE,SANTA RITA,PRIVADA,PROVIDENCIA,CALLE,SAN RAFAEL,PRIVADA,DOMINGO MENDOZA,41,,,,0,,COLONIA,SANTA ROSA DEL VALLE,,,,45690,14,JALISCO,70,El Salto,13,Las Pintas,350,42,36890684,,,Fijo,20.56554928,-103.3242897,2010-07
1900875,CLÍNICA SANTA ROSA, ,622111,Hospitales generales del sector privado,11 a 30 personas,CALLE,DE LA ACADEMIA,CALLE,4,CALLE,6,CALLE,15,,,,,18,,COLONIA,CLEMENTE OROZCO,,,,44970,14,JALISCO,39,Guadalajara,1,Guadalajara,3533,12,,CLINICASANTAROSA@LIVE.COM.MX,WWW.CLINICASANTAROSA.COM,Fijo,20.62001756,-103.3477051,2010-07
1870438,CLÍNICA TRES COLONIAS,CLINICA TRES COLONIAS SA DE CV,622311,Hospitales del sector privado de otras especialidades médicas,6 a 10 personas,CALLE,CARDENAL,CALLE,CISNE,AVENIDA,8 DE JULIO,CALLE,HALCÓN,1218,A,,,,,COLONIA,MORELOS,,,,44910,14,JALISCO,39,Guadalajara,1,Guadalajara,2395,42,,AMEU1506@GMAIL.COM,,Fijo,20.65626419,-103.3576879,2014-12
1890050,CLÍNICA Y MATERNIDAD SAN GERARDO,,622311,Hospitales del sector privado de otras especialidades médicas,6 a 10 personas,CALLE,LAGOS DE MORENO,CALLE,TLAQUEPAQUE,CALLE,CUIDAD GUZMAN,CALLE,PUERTO VALLARTA,53,,,,,,COLONIA,JALISCO,,,,44512,14,JALISCO,101,Tonalá,1,Tonalá,382,10,3336071034,,,Fijo,20.68718741,-103.2626367,2010-07
8787181,CONSULTORIO DE CARDIOLOGIA,,622311,Hospitales del sector privado de otras especialidades médicas,0 a 5 personas,CIRCUNVALACION,AGUSTIN YAÑEZ,CALLE,LOPE DE VEGA,CALLE,CALDERON DE LA BARCA,AVENIDA,INGLATERRA,2457,,,,1,C,COLONIA,ARCOS VALLARTA,,,,44130,14,JALISCO,39,Guadalajara,1,Guadalajara,1560,14,,CARDIOLOGAARA@HOTMAIL.COM,,Fijo,20.6678916,-103.3792427,2019-11
8433404,CONSULTORIO DE GINEOCLOGIA Y OBSTETRICIA SIN NOMBRE,,622311,Hospitales del sector privado de otras especialidades médicas,0 a 5 personas,CALLE,TERRANOVA,CALLE,OTRANTO,CALLE,NAPOLES,CALLE,CREMONA,1153,,,,,,COLONIA,PROVIDENCIA,,,,44630,14,JALISCO,39,Guadalajara,1,Guadalajara,4461,18,,,,Fijo,20.6931553,-103.3865361,2019-11
1653696,CORPORATIVO MÉDICO HOSPITALARIO ALTAMIRA,CORPORATIVO MEDICO HOSPITALARIO ALTAMIRA SA DE CV,622311,Hospitales del sector privado de otras especialidades médicas,6 a 10 personas,CALLE,MIGUEL ANGEL,CALLE,DURERO,CALLE,TIZANO,CALLE,VELÁZQUEZ,176,,,,,,COLONIA,FRACC REAL VALLARTA,,,,45020,14,JALISCO,120,Zapopan,1,Zapopan,3005,1,3336293636,,,Fijo,20.67396159,-103.4253081,2010-07
1653475,CORPORATIVO MÉDICO Y HOSPITALARIOS JALISCO SA DE CV,CORPORATIVO MEDICO Y HOSPITALARIOS JALISCO SA DE CV,622111,Hospitales generales del sector privado,11 a 30 personas,CALLE,VIRGEN,CALLE,GALILEO GALILEI,CALLE,AURORA BOREAL NORTE,CALLE,SAGITARIO,5586,,,,,,COLONIA,ARBOLEDAS 1A SECC,,,,45070,14,JALISCO,120,Zapopan,1,Zapopan,5497,14,3336324200,MISIONSANFELIPE@HOTMAIL.COM,WWW.HOSPITALMISIONSANFELIPE.COM.MX,Fijo,20.62585931,-103.4208639,2012-06
1631555,CRUZ ROJA MEXICANA,CRUZ ROJA MEXICANA IAP ,622111,Hospitales generales del sector privado,11 a 30 personas,CALLE,JUAN MANUEL,CALLE,ACEQUIA,CALLE,DOCTOR BAEZA ALZAGA,CALLE,SAN FELIPE,,,,,52,,COLONIA,MORELOS,,,,44280,14,JALISCO,39,Guadalajara,1,Guadalajara,1363,3,,DELEGACION@GDL.CRMJAL.ORG.MX,WWW.CRUZROJAMEXICANA.ORG.MX,Fijo,20.67918793,-103.3419367,2010-07
6906402,CRUZ VERDE ALFREDO LEPE OLIVA,,622112,Hospitales generales del sector público,11 a 30 personas,CALLE,MORELOS,CALLE,FERNANDO ANTON,CALLE,GUAMUCHIL,CALLE,JOAQUÍN PAJARITO,391,,,,,,COLONIA,PAJARITOS,,,,45614,14,JALISCO,101,Tonalá,1,Tonalá,1554,68,,,,Fijo,20.59299806,-103.2291956,2019-11
1896819,CRUZ VERDE BENITO JUÁREZ,H AYUNTAMIENTO DE GUADALAJARA ,622112,Hospitales generales del sector público,6 a 10 personas,CALLE,2 (RAFAEL LOZADA),CALLE,CARLOS A. CARRILLO,CALLE,RAFAEL NAMBO,CALLE,6 (ALFONSO SÁNCHEZ),3020,,,,,,COLONIA,ECHEVERRIA,,,,44960,14,JALISCO,39,Guadalajara,1,Guadalajara,4601,4,,,,Fijo,20.62545189,-103.3683726,2010-07
6503341,CRUZ VERDE DOCTOR J. JESÚS DELGADILLO ARAUJO,,622112,Hospitales generales del sector público,101 a 250 personas,CALLE,MARIANO BARCENA,CALLE,COLIMA,CALLE,CALLE DE VERACRUZ,CALLE,J. A. DE LA FUENTE,997,,,,,,COLONIA,ARTESANOS,,,,44200,14,JALISCO,39,Guadalajara,1,Guadalajara,651,24,3312017200,ADMON.DELGADILLOARAUJO@GMAIL.COM,,Fijo,20.69141467,-103.3518993,2016-01
1672844,CRUZ VERDE LEONARDO OLIVA ALSAGA,,622112,Hospitales generales del sector público,51 a 100 personas,AVENIDA,CRUZ DEL SUR,CALLE,ISLAS ANTILLAS,CALLE,ISLAS ALEUTIANAS,CALLE,ISLA DE PASCUA,28,,,,0,,COLONIA,JARDINES DE LA CRUZ PRIMERA SECCION,,,,44940,14,JALISCO,39,Guadalajara,1,Guadalajara,5370,3,3312018648,,,Fijo,20.64588304,-103.381867,2014-12
1703532,CRUZ VERDE SANTA LUCIA,SERVICIOS DE SALUD DEL MUNICIPIO DE ZAPOPAN ,622112,Hospitales generales del sector público,51 a 100 personas,AVENIDA,DE LA PRESA,PRIVADA,RIO LERMA,CALLE,SANTA MONICA,CALLE,RÍO BLANCO,795,,,,,,COLONIA,SANTA MONICA DE LOSCHORRITOS,,,,45200,14,JALISCO,120,Zapopan,231,Tesistán (San Francisco Tesistán),4179,38,,,,Fijo,20.7992824,-103.4960222,2014-12
8400024,ENDOCRINOLOGO Y METABOLISMO,,622111,Hospitales generales del sector privado,0 a 5 personas,CALLE,TARASCOS,CALLE,LACANDONES,CALLE,RINCONADA DEL NARDO,CALLE,TOLTECAS,3426,,,,101,,COLONIA,MINERVA,,,,44670,14,JALISCO,39,Guadalajara,1,Guadalajara,1043,6,3312226492,DRMORA.@GMAIL.COM,,Fijo,20.6812651,-103.3983151,2019-11
1682683,ESTACIONAMIENTO DEL HOSPITAL DE ESPECIALIDADES SANTA CATALINA,HOSPITAL ESPECIALIDADES SANTA CATALINA SA DE CV,622311,Hospitales del sector privado de otras especialidades médicas,0 a 5 personas,CALLE,JARAUTA,CALLE,PABLO VALDEZ,CALLE,ESTEBAN ALATORRE,AVENIDA,BELISARIO DOMÍNGUEZ,650,,,,,,COLONIA,LA PERLA,,,,44360,14,JALISCO,39,Guadalajara,1,Guadalajara,1170,30,,,,Fijo,20.68159522,-103.3286662,2014-12
8141154,ESTACIONAMIENTO DEL HOSPITAL SAN JUAN BAUTISTA,,622111,Hospitales generales del sector privado,0 a 5 personas,CALLE,HACIENDA LA CALERA,CALLE,RAFAEL CRAVIOTO,CALLE,ALBINO CORSO ÁNGEL,CALLE,ÁNGEL PADILLA,3147,,,,,,COLONIA,FRACCIONAMIENTO ARANDAS,,,,44720,14,JALISCO,39,Guadalajara,1,Guadalajara,4211,1,,,,Fijo,20.69520676,-103.2840989,2019-11
7800780,ESTACIONAMIENTO PUBLICO,HOSPITAL EL ANGEL SA DE CV,622111,Hospitales generales del sector privado,11 a 30 personas,AVENIDA,CRISTOBAL COLON,CALLE,FRESNO,CALLE,LAUREL,CALLE,ENRIQUE DÍAZ DE LEÓN,0,SN,,,0,,COLONIA,CRUZ DEL SUR,,,,44908,14,JALISCO,39,Guadalajara,1,Guadalajara,2395,28,,,,Fijo,20.65533836,-103.3629792,2019-11
9037377,FARMACIA DEL SEGURO POPULAR,SEGURO POPULAR ,622112,Hospitales generales del sector público,0 a 5 personas,AVENIDA,JUAN GIL PRECIADO,CALLE,VASCO DE QUIROGA,CALLE,FELIPE DE LA ROSA,CALLE,FRANCISCO LA ARROYO,31,,,,0,,COLONIA,BASILIO BADILLO,,,,45406,14,JALISCO,101,Tonalá,1,Tonalá,630,31,,,,Fijo,20.6527326,-103.250508,2019-11
6881431,GRUPO JIMALTA,GRUPO JIMALTA S DE RL DE CV,622111,Hospitales generales del sector privado,0 a 5 personas,CALZADA,LÁZARO CÁRDENAS,AVENIDA,NIÑO OBRERO,CALLE,CERRO DEL COLLI,CALLE,CERRO DEL COLLI,4149,,,,0,,COLONIA,JARDINES DE SAN IGNACIO,,,,45040,14,JALISCO,120,Zapopan,1,Zapopan,547,42,,ANTONIO@HRSJ.COM.MX,,Fijo,20.67261184,-103.4088063,2019-04
1665742,GRUPO MÉDICO PRADOS PROVIDENCIA,GRUPO MÉDICO PRADOS PROVIDENCIA ,622111,Hospitales generales del sector privado,11 a 30 personas,CALLE,TERRANOVA,CALLE,JESUS GARCIA,CALLE,ENRIQUE RODO,CALLE,ENRIQUE RODO,680,,,,,,COLONIA,PRADOS PROVIDENCIA,,,,44670,14,JALISCO,39,Guadalajara,1,Guadalajara,929,24,,GERENCIAADM@SALUTARIS.COM.MX,,Fijo,20.68913889,-103.3868148,2014-12
1664774,HOSPITAL AMÉRICAS,,622311,Hospitales del sector privado de otras especialidades médicas,0 a 5 personas,AVENIDA,AVENIDA DE LAS AMERICAS,AVENIDA,ADOLFO LOPEZ MATEOS NORTE,CALLE,REGIDORES,CALLE,NINGUNO,932,C,,,,,COLONIA,CHAPULTEPEC COUNTRY,,,,44620,14,JALISCO,39,Guadalajara,1,Guadalajara,4870,10,3338173141,,,Fijo,20.69456999,-103.3731048,2014-12
1648848,HOSPITAL ÁNGELES CHAPALITA,ANGELES INTEGRALES CHAPALITA SC,622111,Hospitales generales del sector privado,0 a 5 personas,AVENIDA,CHAPALITA,CALLE,CAPUCHINAS,AVENIDA,AVENIDA DE LAS ROSAS,AVENIDA,ADOLFO LÓPEZ MATEOS SUR,1300,,,,,,COLONIA,CHAPALITA,,,,44500,14,JALISCO,39,Guadalajara,1,Guadalajara,3321,15,,ANGELESCHAPALITAADMON@GMAIL.COM,,Fijo,20.6598209,-103.3949801,2010-07
1956149,HOSPITAL ANITA,SANATORIO MATERNIDAD ANITA SA DE CV,622311,Hospitales del sector privado de otras especialidades médicas,0 a 5 personas,CALZADA,JUAN PABLO II,CALLE,SAN ESTEBAN,CALLE,SANTA ROSALIA,CALLE,MONTE BELLO,1493,,,,0,,COLONIA,POSTES CUATES (FEDERALISMO),,,,44350,14,JALISCO,39,Guadalajara,1,Guadalajara,789,12,,,,Fijo,20.69044278,-103.3147295,2010-07
6342157,HOSPITAL ARBOLEDAS,SANTE MEDICAL CENTER SA DE CV,622111,Hospitales generales del sector privado,101 a 250 personas,AVENIDA,NICOLÁS COPÉRNICO,CALLE,NICOLÁS COPÉRNICO,CALLE,PEDRO SIMÓN LAPLACE,CALLE,VÍA LÁCTEA,4000,,,,,,COLONIA,ARBOLEDAS,,,,45070,14,JALISCO,120,Zapopan,1,Zapopan,4465,14,,KARLAGRRO@GMAIL.COM,WWW.HOSPITALARBOLEDAS.COM,Fijo,20.63023899,-103.4230852,2014-12
1800281,HOSPITAL CIVIL,HOSPITAL CIVIL DE GUADALAJARA DR. JUAN MENCHACA ,622112,Hospitales generales del sector público,251 y más personas,CALLE,SALVADOR QUEVEDO Y ZUBIETA,CALLE,SIERRA MOJADA,CALLE,SIERRA NEVADA,CALLE,CENTRO MÉDICO,,SN,,,,,COLONIA,INDEPENDENCIA ORIENTE,,,,44340,14,JALISCO,39,Guadalajara,1,Guadalajara,1170,20,,,,Fijo,20.68638262,-103.3345621,2010-07
1888569,HOSPITAL CIVIL VIEJO FRAY ANTONIO ALCALDE,GOBIERNO DEL ESTADO DE JALISCO ,622112,Hospitales generales del sector público,251 y más personas,CALLE,HOSPITAL,CALLE,CORONEL CALDERON,CALLE,BELEN,CALLE,TENERÍAS,,SN,,,,,COLONIA,EL RETIRO,,,,44280,14,JALISCO,39,Guadalajara,1,Guadalajara,101A,21,,,WWW.HOSPITALESCIVILES.COM.MX,Fijo,20.68568027,-103.3439367,2010-07
1872222,HOSPITAL CONTROL QUIRURGICA,HOSPITAL CENTRAL QUIRURGICA DE GUADALAJARA SA DE CV,622111,Hospitales generales del sector privado,31 a 50 personas,AVENIDA,ESPAÑA,CALLE,BELGICA,CALLE,ARGENTINA,CIRCUNVALACION,AGUSTÍN YÁÑEZ,1661,,,,,,COLONIA,MODERNA,,,,44190,14,JALISCO,39,Guadalajara,1,Guadalajara,2145,12,33338124290,,WWW.HOSPITALHCA.COM,Fijo,20.66297728,-103.3630515,2010-07
6339189,HOSPITAL COUNTRY 2000,HOSPITAL DEL COUNTRY SA DE CV,622111,Hospitales generales del sector privado,251 y más personas,CIRCUNVALACION,JORGE ALVAREZ DEL CASTILLO,CALLE,MAR MÁRMARA,CALLE,MAR BLANCO,CALLE,MAR BLANCO,1542,,,,0,,COLONIA,CHAPULTEPEC COUNTRY,,,,44610,14,JALISCO,39,Guadalajara,1,Guadalajara,312,6,,CONTABILIDAD@HOSPITALCOUNTRY.NET,,Fijo,20.70374319,-103.3648025,2010-07
1800199,HOSPITAL DE ESPECIALIDADES IMSS,INSTITUTO MEXICANO DEL SEGURO SOCIAL ,622112,Hospitales generales del sector público,251 y más personas,AVENIDA,BELISARIO DOMINGUEZ,CALLE,SIERRA MORENA,CALLE,SALVADOR QUEVEDO Y ZUBIETA,CALLE,SIERRA MOJADA,1000,,,,,,COLONIA,INDEPENDENCIA ORIENTE,,,,44340,14,JALISCO,39,Guadalajara,1,Guadalajara,1170,9,,,,Fijo,20.68449515,-103.3265464,2014-12
1682958,HOSPITAL DE ESPECIALIDADES LAURUS REAL,SERVICIOS MEDICOS INTEGRALES PEREZ Y ASOCIADOS  ,622311,Hospitales del sector privado de otras especialidades médicas,11 a 30 personas,CALLE,VENTURA ANAYA,CALLE,HACIENDA CANUTILLO,CIRCUNVALACION,OBLATOS,CALLE,FRANCISCO SARABIA,,SN,,,,,COLONIA,OBLATOS,,,,44716,14,JALISCO,39,Guadalajara,1,Guadalajara,083A,42,3338831600,CONTACTO@HOSPITALLAUROSREAL.COM,WWW.HOSPITALLAUROSREAL.COM,Fijo,20.68895072,-103.2981104,2014-12
7886033,HOSPITAL DE ESPECIALIDADES MI GRAN ESPERANZA,HOSPITAL DE ESPECIALIDADES MI GRAN ESPERANZA AC,622111,Hospitales generales del sector privado,11 a 30 personas,CALLE,PASEO DEL CORTIJO,CALLE,NINGUNO,CALLE,NINGUNO,CALLE,CAMINO A SAN JUAN,490,,,,,,FRACCIONAMIENTO,SAN AGUSTIN,,,,45645,14,JALISCO,97,Tlajomulco de Zúñiga,25,San Agustín,814,23,,CRISTYMIGRANESPERANZA@GMAIL.COM,,Fijo,20.53467479,-103.4529643,2019-11
1800198,HOSPITAL DE GINECO OBSTETRICIA,INSTITUTO MEXICANO DEL SEGURO SOCIAL ,622312,Hospitales del sector público de otras especialidades médicas,251 y más personas,AVENIDA,BELISARIO DOMINGUEZ,CALLE,SIERRA MORENA,CALLE,SALVADOR QUEVEDO Y ZUBIETA,CALLE,SIERRA MOJADA,771,,,,,,COLONIA,INDEPENDENCIA ORIENTE,,,,44340,14,JALISCO,39,Guadalajara,1,Guadalajara,1170,9,,,,Fijo,20.68379385,-103.3267871,2014-12
1638363,HOSPITAL DE JESUS,,622111,Hospitales generales del sector privado,6 a 10 personas,AVENIDA,TESISTAN,CALLE,HIERRO,CALLE,ACERO,CALLE,ANTIMONIO,776,,,,,,COLONIA,SAN JOSE DEL BAJIO,,,,45140,14,JALISCO,120,Zapopan,1,Zapopan,2632,36,3336330043,,,Fijo,20.73072947,-103.403562,2010-07
6340937,HOSPITAL DE LA SANTÍSIMA TRINIDAD,ASOCIACION HOSPITALARIA DE SERVICIO SOCIAL AC,622111,Hospitales generales del sector privado,0 a 5 personas,CALLE,MIGUEL BLANCO,CALLE,PAVO,CALZADA,CALZADA DEL FEDERALISMO SUR,CALLE,LIBERTAD,1225,,,,,,COLONIA,CENTRO,,,,44180,14,JALISCO,39,Guadalajara,1,Guadalajara,4550,7,,,,Fijo,20.67206379,-103.354038,2010-07
8694112,HOSPITAL DE PADUA,HOSPITAL DE PADUA SA DE CV,622111,Hospitales generales del sector privado,31 a 50 personas,AVENIDA,NICOLAS COPERNICO,CALLE,SAGITARIO,CALLE,VIRGEN,CALLE,VIRGEN,,SN,,,,,MANZANA,ARBOLEDAS,,,,45070,14,JALISCO,120,Zapopan,1,Zapopan,4465,12,,,,Fijo,20.62875621,-103.4193161,2019-11
8605869,HOSPITAL DEESPECIALIDADESMEDICAS,SANATORIO SAN ANTONIO DE ASIS ,622111,Hospitales generales del sector privado,6 a 10 personas,PROLONGACION,PROLONGACION DE LAS AMERICAS,CALLE,NINGUNO,AVENIDA,PATRIA,CALLE,NINGUNO,1946,,,,,,FRACCIONAMIENTO,COUNTRY CLUB,,,,44610,14,JALISCO,39,Guadalajara,1,Guadalajara,30,36,,,,Fijo,20.71059312,-103.3796934,2019-11
1870942,HOSPITAL DEL ANGEL,,622111,Hospitales generales del sector privado,11 a 30 personas,AVENIDA,CRISTOBAL COLON,CALLE,CIPRES,CALLE,LAUREL,AVENIDA,CRISTÓBAL COLÓN,1652,,,,,,COLONIA,FRESNO,,,,44900,14,JALISCO,39,Guadalajara,1,Guadalajara,2395,13,3338110325,HOSPITALELANGEL@HOTMAIL.COM,WWW.HOSPITALELANGEL.COM.MX,Fijo,20.65634879,-103.3625745,2010-07
6341487,HOSPITAL DEL PARQUE,,622111,Hospitales generales del sector privado,31 a 50 personas,AVENIDA,AVENIDA DEL PARQUE,CALLE,GIGANTES EJE,CALLE,SAN ANDRES,AVENIDA,SAN JACINTO,37,,,,,537,COLONIA,SAN ANDRES,,,,44810,14,JALISCO,39,Guadalajara,1,Guadalajara,2056,20,,,,Fijo,20.66147943,-103.2997304,2010-07
6341038,HOSPITAL DEL SAGRADO CORAZÓN,HOSPITAL DEL SAGRADO CORAZON  SA DE CV,622111,Hospitales generales del sector privado,51 a 100 personas,CALLE,ANTONIO ROSALES,CALLE,MEDRANO,CALLE,ALDAMA,CALLE,ANALCO,109,,,,,,COLONIA,BARRIO SAN JUAN DE DIOS II,,,,44450,14,JALISCO,39,Guadalajara,1,Guadalajara,1895,4,,,,Fijo,20.67007109,-103.3388276,2010-07
1861563,"HOSPITAL DEL VALLE DE ATEMAJAC,S.A DE C.V.",HOSPITAL DEL VALLE DE ATEMAJAC SA DE CV,622111,Hospitales generales del sector privado,11 a 30 personas,CALLE,RAMON CORONA,CALLE,HIDALGO,CALZADA,DEL FEDERALISMO NORTE,CALLE,PRIVADA COLON,55,,,,,,COLONIA,ATEMAJAC DEL VALLE,,,,45190,14,JALISCO,120,Zapopan,1,Zapopan,369,44,3338531041,CONTACTO@HVA.MX,,Fijo,20.72005404,-103.3541457,2010-07
6339377,HOSPITAL DOCTOR ANGEL LEAÑO,UNIVERSIDAD AUTONOMA DE GUADALAJARA AC,622311,Hospitales del sector privado de otras especialidades médicas,51 a 100 personas,AVENIDA,DOCTOR ÁNGEL LEAÑO,PRIVADA,19,AVENIDA,3,PRIVADA,19,500,,,,0,,COLONIA,LOS ROBLES,,,,45500,14,JALISCO,120,Zapopan,1,Zapopan,6550,2,,,,Fijo,20.75782814,-103.41536,2011-03
1957421,HOSPITAL EN CASA ENFERMERAS & SERVICIOS,HOSPITAL EN CASA ENFERMERAS Y SERVICIOS SA DE CV,622111,Hospitales generales del sector privado,0 a 5 personas,CALLE,MAR BALTICO,CALLE,MAR CARIBE,PROLONGACION,PROLONGACION DE LAS AMERICAS,CALLE,MAR TIRRENO,2240,,EDIFICIO CONDOMINOS MAR BALTICO AC,1,,2240-104 Y 104,COLONIA,PROVIDENCIA,EDIFICIO COMERCIAL Y DE SERVICIOS,EDIFICIO MAR BÁLTICO,104,44630,14,JALISCO,39,Guadalajara,1,Guadalajara,30,13,3338171224,CLAUDIA@HOSPITALENCASA.COM,WWW.HOSPITALENCASA.COM,Fijo,20.69736071,-103.3725378,2010-07
1871302,HOSPITAL ESPAÑOL SA DE CV,HOSPITAL ESPAÑOL SA DE CV,622311,Hospitales del sector privado de otras especialidades médicas,11 a 30 personas,CALLE,DONATO GUERRA,CALLE,MEXICALTZINGO,CALLE,EPIGMENIO GONZALEZ,CALLE,COLÓN,619,,,,,,COLONIA,MEXICALTZINGO,,,,44180,14,JALISCO,39,Guadalajara,1,Guadalajara,1861,18,3336146888,HOSPITALESPANOLNMX@YAHOO.COM.MX,,Fijo,20.66676981,-103.3520653,2010-07
1933710,HOSPITAL FELMAN,"HOSPITAL FELMAN,  SA DE CV",622111,Hospitales generales del sector privado,51 a 100 personas,CALLE,ESTEBAN LOERA,CALLE,INDUSTRIA,AVENIDA,REPUBLICA,CALLE,PORFIRIO DÍAZ,15309,,,,,,COLONIA,SECTOR LIBERTAD,,,,44890,14,JALISCO,39,Guadalajara,1,Guadalajara,140A,33,,HOSPITALFELMAN@GMAIL.COM,WWW.HOSPITALFELMAN.COM,Fijo,20.67779577,-103.3229618,2010-07
6263661,HOSPITAL FRAY ANTONIO ALCALDE,,622111,Hospitales generales del sector privado,101 a 250 personas,CALLE,JUAN CANO,CALLE,SILVESTRE REVUELTAS,CALLE,TORRES QUINTERO,CALLE,LICEO,926,,,,0,,COLONIA,ALCALDE BARRANQUITAS,,,,44270,14,JALISCO,39,Guadalajara,1,Guadalajara,069A,28,,SALUDAC@GMAIL.COM,WWW.SALUDDELOSENFERMOS.COM.MX,Fijo,20.6908941,-103.3475435,2010-07
1931940,HOSPITAL FRAY ANTONIO DE SEGOVIA,"HOSPITAL FRAY ANTONIO DE SEGOVIA, S.A. DE C.V. ",622311,Hospitales del sector privado de otras especialidades médicas,6 a 10 personas,CALLE,RAMÓN BLANCARTE,CALLE,FRANCISCO DE ICAZA,CALLE,JESÚS URUETA,CALLE,PORFIRIO DÍAZ,,,,,699,,COLONIA,EL MIRADOR,OTRO CONGLOMERADO,,,44370,14,JALISCO,39,Guadalajara,1,Guadalajara,4885,9,,,,Fijo,20.68187235,-103.3166403,2010-07
1648792,HOSPITAL GALVÁN,,622111,Hospitales generales del sector privado,31 a 50 personas,CALLE,GIGANTES,CALLE,GUINEA,CALLE,ELUTERIO GONZALEZ,CALLE,GUINEA,279,,,,,,COLONIA,TETLAN,,,,44820,14,JALISCO,39,Guadalajara,1,Guadalajara,1537,8,3336051025,HOSPITALGALVAN@HOTMAIL.COM,WWW.HOSPITALGALVAN.COM.MX,Fijo,20.65976139,-103.275071,2012-06
1870052,HOSPITAL GENERAL DE OCCIDENTE,SERVICIOS DE SALUD JALISCO/HGO ,622112,Hospitales generales del sector público,251 y más personas,AVENIDA,ZOQUIPAN,AVENIDA,D,CALLE,LAGUNA DE ALVARADO,CALLE,LAGO TEQUESQUITENGO,1000,,,,1050,,COLONIA,LAGOS DEL COUNTRY 2DA SECC,,,,45177,14,JALISCO,120,Zapopan,1,Zapopan,2242,6,,HOSPITALZOQUIPAN@GMAIL.COM,,Fijo,20.71825153,-103.3713329,2010-07
1835304,HOSPITAL GENERAL DE ZONA 14,IMSS ,622112,Hospitales generales del sector público,251 y más personas,AVENIDA,REVOLUCION,CALLE,ENRIQUE OLAVARRIA Y FERRARI,AVENIDA,RIO NILO,CALLE,BERNAL DÍAZ DEL CASTILLO,2735,,,,,,COLONIA,JARDINES DE LA PAZ,,,,44860,14,JALISCO,39,Guadalajara,1,Guadalajara,2319,35,3336353139,,WWW.IMSS.GOB.MX,Fijo,20.64462377,-103.303897,2010-07
1753796,HOSPITAL GENERAL REGIONAL IMSS180 AV IZTACCIHUATL O CARR. A SN SEBASTIAN ELGDE GOBIERNO,GOBIERNO ,622112,Hospitales generales del sector público,11 a 30 personas,AVENIDA,IZTACCIHUATL,OTRO (ESPECIFIQUE),HOSPITAL GENERAL REGIONAL IMSS180 AV IZTACCIHUATL O CARR. A SN SEBASTIAN ELGDE GOBIERNO,AVENIDA,LOS ENCINOS,CALLE,JACARANDAS,1000,,,,,,FRACCIONAMIENTO,FRACCIONAMIENTO COLINAS DEL ROBLE,,,,45650,14,JALISCO,97,Tlajomulco de Zúñiga,862,Colinas del Roble,3414,31,,,,Fijo,20.50828766,-103.39896,2014-12
1964439,HOSPITAL GENERAL REGIONAL NO 46,INSTITUTO MÉXICANO DEL SEGURO SOCIAL IMSS ,622112,Hospitales generales del sector público,251 y más personas,CALZADA,LAZARO CARDENAS,CALLE,NINGUNO,CALLE,LORO,CALLE,CLARÍN,2063,,,,,,COLONIA,8 DE JULIO,,,,44910,14,JALISCO,39,Guadalajara,1,Guadalajara,2569,17,3338100010,,IMSS.GOB.MX,Fijo,20.64701209,-103.3602268,2010-07
1843050,HOSPITAL GENERAL REGIONAL NUMERO 45 AYALA,INSTITUTO MEXICANO DEL SEGURO SOCIAL ,622112,Hospitales generales del sector público,251 y más personas,CALLE,SAN FELIPE,CALLE,FRIAS,CALLE,GREGORIO DAVILA,CALLE,REFORMA,1014,,,,0,,COLONIA,VILLASEÑOR,"HOSPITAL, CENTRO MEDICO O CLINICA",HOSPITAL,SN,44660,14,JALISCO,39,Guadalajara,1,Guadalajara,1325,42,3338250700,,,Fijo,20.67937483,-103.3607528,2010-07
1649371,HOSPITAL HISPANO DE ESPECIALIDADES,HOSPITAL HISPANO SA DE CV,622311,Hospitales del sector privado de otras especialidades médicas,51 a 100 personas,CALLE,PEDRO MORENO,CALLE,CAMARENA,CALLE,ESCORZA,CALLE,MORELOS,934,,,,0,,COLONIA,CENTRO,,,,44100,14,JALISCO,39,Guadalajara,1,Guadalajara,133A,22,,ADMON@HOSPITALHISPANO.COM,WWW.HOSPITALHISPANO.COM,Fijo,20.67568943,-103.3581799,2010-07
6714692,HOSPITAL INNOVARE,CIRUGIA PLASTICA DEL SIGLO XXI SAPI DE CV,622311,Hospitales del sector privado de otras especialidades médicas,0 a 5 personas,CALLE,VERONA,CALLE,NACIONES UNIDAS,CALLE,VERONA,CALLE,NINGUNO,7412,,OTRO CONGLOMERADO,18,,,COLONIA,VIRREYES RESIDENCIAL,OTRO CONGLOMERADO,INNOVARE,7412,45110,14,JALISCO,120,Zapopan,1,Zapopan,5942,1,,,,Fijo,20.70248348,-103.4459587,2016-01
6339522,HOSPITAL JARDINES,HOSPITAL GUADALUPE CORP SA DE CV,622311,Hospitales del sector privado de otras especialidades médicas,101 a 250 personas,AVENIDA,MANUEL J. CLOUTHIER,AVENIDA,3,AVENIDA,3,CALLE,5,669,,,,0,,COLONIA,JARDINES DEL TEPEYAC,,,,45050,14,JALISCO,120,Zapopan,1,Zapopan,1278,9,,BLANCA_MORONES@HOTMAIL.COM,WWW.JARDINESHOSPITAL.COM,Fijo,20.66466931,-103.4201676,2012-06
1799720,HOSPITAL JUSTO SIERRA,HOSPITAL JUSTO SIERRA SC,622111,Hospitales generales del sector privado,31 a 50 personas,CALLE,JUSTO SIERRA,CALLE,FRANCISCO GONZALEZ ROJAS,CALLE,LUIS PEREZ VERDIA,AVENIDA,MÉXICO,2420,,,,,,COLONIA,ARCOS,,,,44130,14,JALISCO,39,Guadalajara,1,Guadalajara,1306,6,3336151502,CONTABILIDADHJS@GMAIL.COM,,Fijo,20.67773672,-103.3778079,2014-12
6338489,HOSPITAL LA LUZ,PROTECCIÓN A LA INFANCIA AC,622111,Hospitales generales del sector privado,101 a 250 personas,CALLE,RÍO SUCHIATE,CALLE,VIOLETA,AVENIDA,5 DE FEBRERO,CALLE,RÍO MEZCALA,1139,,,,,,COLONIA,GONZÁLEZ GALLO,,,,44430,14,JALISCO,39,Guadalajara,1,Guadalajara,3853,17,,FRM2001@HOTMAIL.COM,,Fijo,20.65523597,-103.3296377,2010-07
9148165,HOSPITAL LA SOLEDAD,HOSPITAL LA SOLEDAD SA DE CV,622111,Hospitales generales del sector privado,11 a 30 personas,CALLE,LICENCIADO VICENTE TRIGO ORIENTE,CALLE,ZARAGOZA,CALLE,28 DE ENERO,CALLE,GONZÁLEZ ORTEGA ORIENTE,115,,,,,,COLONIA,SANTA CRUZ DE LAS FLORES,,,,45640,14,JALISCO,97,Tlajomulco de Zúñiga,34,Santa Cruz de las Flores,388,16,,,,Fijo,20.48143739,-103.5010867,2019-11
1636585,HOSPITAL MAC BERNARDETTE,CENTRO HOSPITALARIO MAC SA DE CV,622311,Hospitales del sector privado de otras especialidades médicas,101 a 250 personas,AVENIDA,HIDALGO,AVENIDA,JUAN N. CUMPLIDO,CALLE,CRUZ VERDE,CALLE,INDEPENDENCIA,930,,,,,,COLONIA,CENTRO,,,,44200,14,JALISCO,39,Guadalajara,1,Guadalajara,133A,3,,EDUARDO.FUENTES@HOSPITALESMAC.COM,,Fijo,20.67717742,-103.3579502,2010-07
1873507,HOSPITAL MARÍA AUXILIADORA,SERVICIOS MEDICOS OMEGA SAPI DE CV,622111,Hospitales generales del sector privado,11 a 30 personas,AVENIDA,PASEO DE LA ARBOLEDA,CALLE,NINGUNO,CALLE,BARLOVENTO,CALLE,ISLA AUSTRALIA,2444,,,,0,2444,COLONIA,BOSQUE DE LA VICTORIA,,,,44540,14,JALISCO,39,Guadalajara,1,Guadalajara,3961,12,,CALIDADMARIAUX@OUTLOOK.COM,WWW.HMARIAUX.COM.MX,Fijo,20.64948851,-103.3866822,2010-07
1871892,HOSPITAL MATERNO INFANTIL ESPERANZA LOPEZ MATEOS,SERVICIOS DE SALUD JALISCO ,622312,Hospitales del sector público de otras especialidades médicas,101 a 250 personas,AVENIDA,CONSTITUYENTES,CALLE,NICOLAS REGULES,CALLE,MANZANO,CALZADA,CALZADA DEL CAMPESINO,1075,,,,,,COLONIA,MODERNA,,,,44190,14,JALISCO,39,Guadalajara,1,Guadalajara,2179,23,,,,Fijo,20.66266352,-103.3509994,2010-07
1947360,HOSPITAL MATERNO INFANTIL SAN MARTIN DE LAS FLORES,SECRETARÍA DE SALUD JALISCO ,622112,Hospitales generales del sector público,11 a 30 personas,CALLE,16 DE SEPTIEMBRE,CALLE,SANTA CRUZ,CALLE,NUEVO AMANECER,CALLE,EL PORVENIR,,SN,,,,,COLONIA,SAN MARTIN DE LAS FLORES DE ABAJO,,,,45629,14,JALISCO,98,San Pedro Tlaquepaque,1,Tlaquepaque,2216,8,,,,Fijo,20.59858631,-103.2783949,2010-07
1896840,HOSPITAL MEDUGORIE,HOSPITAL DE NUESTRA SEÑORA DE MDGR DE OCCIDENTE S DE RL DE CV,622111,Hospitales generales del sector privado,31 a 50 personas,AVENIDA,8 DE JULIO,CALLE,LONGINOS CADENA,CALLE,CARLOS A. CARRILLO,CALLE,6 (ALFONSO SÁNCHEZ),3339,,,,,,COLONIA,LOMAS DE POLANCO,,,,44960,14,JALISCO,39,Guadalajara,1,Guadalajara,4601,3,3312533130,,WWW.HOSPITALMEDUGORIE.COM,Fijo,20.62716355,-103.3695204,2010-07
6263886,HOSPITAL MÉXICO AMERICANO,HOSPITAL MEXICO AMERICANO SC,622111,Hospitales generales del sector privado,251 y más personas,CALLE,COLOMOS,CALLE,MANUEL M. DIÉGUEZ,CALLE,PEDRO ANTONIO BUZETA,CALLE,AYUNTAMIENTO,2110,,,,0,,COLONIA,AYUNTAMIENTO,,,,44620,14,JALISCO,39,Guadalajara,1,Guadalajara,4866,9,,LUGOREYNA@HMA.COM.MX,,Fijo,20.6909792,-103.3700791,2010-07
1808926,HOSPITAL PASEO DE LA VICTORIA,HOSPITAL PASEO NDE LA VICTORI SA DE CV,622311,Hospitales del sector privado de otras especialidades médicas,11 a 30 personas,AVENIDA,GUADALUPE,CALLE,ARQUITECTOS,CALLE,INGENIEROS SUR,CALLE,TERCERA NORTE,5149,,,,0,,COLONIA,JARDINES DE GUADALUPE,,,,45030,14,JALISCO,120,Zapopan,1,Zapopan,1278,1,3336200200,HPVICTORIA@PROGIGY.NET.MX,WWW.HPVICTORIO.COM.MX,Fijo,20.66167677,-103.4262585,2010-07
6263484,HOSPITAL PEDRO LOZA ,HOSPITAL PEDRO LOZA SA DE CV,622111,Hospitales generales del sector privado,51 a 100 personas,CALLE,ESTEBAN LOERA,CALLE,GOMEZ DE MENDIOLA,CALLE,SANTIAGO DE VERA,CALLE,PORFIRIO DÍAZ,138,,,,,,COLONIA,EX EJIDO DE OBLATOS,,,,44370,14,JALISCO,39,Guadalajara,1,Guadalajara,1664,21,3312471930,CONTABILIDADHPL2018@GMAIL.COM,,Fijo,20.67188282,-103.3250165,2010-07
6342816,HOSPITAL RAMON GARIBAY,UNIVERSIDAD AUTONOMA DE GUADALAJARA AC,622111,Hospitales generales del sector privado,51 a 100 personas,AVENIDA,ENRIQUE DÍAZ DE LEÓN SUR,AVENIDA,PRISCILIANO SÁNCHEZ,CALLE,FRANCISCO I. MADERO,CALLE,PRADO,238,,,,,,COLONIA,AMERICANA,,,,44160,14,JALISCO,39,Guadalajara,1,Guadalajara,1607,12,,,,Fijo,20.67278165,-103.3594345,2010-07
6264109,HOSPITAL REAL SAN JOSÉ,,622111,Hospitales generales del sector privado,251 y más personas,CALZADA,LAZARO CARDENAS,CALLE,CERRO DEL COLLI,AVENIDA,NIÑO OBRERO,VIADUCTO,NINGUNO,4149,,,,0,,COLONIA,JARDINES DE SAN IGNACIO,,,,45040,14,JALISCO,120,Zapopan,1,Zapopan,547,42,,ANTONIO@HRSJ.COM.MX,,Fijo,20.67301205,-103.4095632,2010-07
1964779,HOSPITAL REGIONAL 110,INSTITUTO MEXICANO DEL SEGURO SOCIAL ,622112,Hospitales generales del sector público,251 y más personas,CIRCUNVALACION,OBLATOS,CALLE,FRANCISCO GONZALEZ BOCANEGRA,CALLE,FRANCISCO VILLA,CALLE,HACIENDA LA PUNTA,2208,,,,,,COLONIA,CIRCUNVALACION OBLATOS,,,,44716,14,JALISCO,39,Guadalajara,1,Guadalajara,083A,8,3333455800,ADOLBENHIRO.VARGAS@IMSS.GOB.MX,WWW.IMSS.GOB.MX,Fijo,20.68988291,-103.3017567,2010-07
1865698,HOSPITAL REGIONAL DOCTOR VALENTIN GÓMEZ FARÍAS,INSTITUTO DE SEGURIDAD Y SERVICIOS SOCIALES DE LOS TRABAJADORES DEL ESTADO ,622112,Hospitales generales del sector público,251 y más personas,PROLONGACION,AMERICAS,PROLONGACION,JAVIER MINA,CALLE,MIXTON,AVENIDA,JACARANDAS PONIENTE,203,,,,0,,COLONIA,EL CAPULLO,,,,45100,14,JALISCO,120,Zapopan,1,Zapopan,4198,17,,,WWW.ISSSTEZAPOPAN.GOB.MX,Fijo,20.71889991,-103.3878809,2010-07
1952206,HOSPITAL ROSETTE,HOSPITAL ROSETTE S DE RL DE CV,622111,Hospitales generales del sector privado,11 a 30 personas,CIRCUITO,DOCTOR ATL,CALLE,SIERRA GRANDE,CALLE,MONTE ALBAN,CALLE,PUERTO ESCONDIDO,487,,,,,,COLONIA,MONUMENTAL,,,,44320,14,JALISCO,39,Guadalajara,1,Guadalajara,435,46,3336372800,ROSETTEHOSPITAL@OUTLOOK.ES,,Fijo,20.69470146,-103.3247732,2010-07
1951284,HOSPITAL SAN ANTONIO,,622111,Hospitales generales del sector privado,11 a 30 personas,AVENIDA,BELISARIO DOMINGUEZ,AVENIDA,ARTESANOS,CALLE,OTILIO GONZALEZ,CALLE,OTILIO GONZÁLEZ,3736,,,,,,COLONIA,SAN MIGUEL HUENTITAN,,,,44300,14,JALISCO,39,Guadalajara,1,Guadalajara,3764,13,3336740707,,,Fijo,20.71688587,-103.2969411,2010-07
1649334,HOSPITAL SAN GABRIEL ARCÁNGEL,HOSPITAL SAN GABRIEL ARCANGEL SA DE CV,622111,Hospitales generales del sector privado,11 a 30 personas,CALLE,REPUBLICA DE CUBA,CALLE,GLENDALE,CALLE,5 DE MAYO,CALLE,TONALÁ,73,,,,0,,BARRIO,BARRIO SANTO SANTIAGO,,,,45500,14,JALISCO,98,San Pedro Tlaquepaque,1,Tlaquepaque,84,5,13340409929,IVANTO24@HOTMAIL.COM,WWW.HOSPITALSANGABRIELARCANGEL.COM.MX,Fijo,20.63501049,-103.3078316,2011-03
1939423,HOSPITAL SAN JOAQUIN,HOSPITAL SAN JOAQUIN SA DE CV,622111,Hospitales generales del sector privado,6 a 10 personas,CALLE,PRESA EL TINTERO,CALLE,CANAAN,AVENIDA,PRESA DE OSORIO,CALLE,PRESA AHOME,764,,,,,,COLONIA,SAN JOAQUIN,,,,44770,14,JALISCO,39,Guadalajara,1,Guadalajara,5008,14,,ALEJANDROJCARDONA@GMAIL.COM,,Fijo,20.67302905,-103.2767037,2010-07
1946010,HOSPITAL SAN JUAN BAUTISTA,,622311,Hospitales del sector privado de otras especialidades médicas,11 a 30 personas,CALLE,HACIENDA LA CALERA,CALLE,RAFAEL CRAVIOTO,CALLE,ALBINO CORSO ÁNGEL,CALLE,ÁNGEL PADILLA,3121,,,,,,COLONIA,SAN JOSE RIO VERDE,,,,44720,14,JALISCO,39,Guadalajara,1,Guadalajara,4211,1,3336040102,HOSPITALSANJUANBAUTISTA1@HOTMAIL.COM,,Fijo,20.69531714,-103.2844475,2010-07
1933800,HOSPITAL SAN JUAN BOSCO,PRESTADORA DE SERVICIOS SALUD GEROVI S DE RL DE CV,622111,Hospitales generales del sector privado,6 a 10 personas,CALLE,INDUSTRIA,CALLE,RITA PEREZ DE MORENO,CALLE,ÁLVAREZ DEL CASTILLO,CALLE,REPÚBLICA,1428,,,,,,COLONIA,BLANCO Y CUELLAR,,,,44380,14,JALISCO,39,Guadalajara,1,Guadalajara,140A,24,,,,Fijo,20.67617683,-103.3159901,2010-07
1664442,HOSPITAL SAN MIGUEL COUNTRY,OPERADORA HOSPITALARIA SAN MIGUEL COUNTRY SA DE CV,622311,Hospitales del sector privado de otras especialidades médicas,11 a 30 personas,AVENIDA,MANUEL AVILA CAMACHO,PRIVADA,NINGUNO,CALLE,ANDRES TERAN,CALLE,DURANGO,1643,,,,,,COLONIA,MEZQUITAN COUNTRY,,,,44260,14,JALISCO,39,Guadalajara,1,Guadalajara,346,15,,,,Fijo,20.70174235,-103.3588929,2014-12
1798711,HOSPITAL SAN PIO,CLINICA SAN PIO SA DE CV,622311,Hospitales del sector privado de otras especialidades médicas,31 a 50 personas,AVENIDA,ADOLFO LOPEZ MATEOS NORTE,AVENIDA,LOPEZ MATEOS NORTE,CALLE,CARLOS F. DE LANDEROS,CALLE,GENERAL EULOGIO PARRA,760,,,,,,COLONIA,LADRON DE GUEVARA,,,,44600,14,JALISCO,39,Guadalajara,1,Guadalajara,933,29,3336168558,HOSPITALSANPIO@HOTMAIL.COM,WWW.HOSPITALSANPIO.COM,Fijo,20.68802525,-103.3781852,2014-12
1867482,HOSPITAL SAN RAFAEL,OPERADORA DE HOSPITALES DE ZAPOPAN SA DE CV,622111,Hospitales generales del sector privado,11 a 30 personas,CALLE,LICENCIADO MANUEL AGUIRRE B.,CALLE,PAULINO NAVARRO,AVENIDA,AURELIO ORTEGA,PRIVADA,GENERAL AGUSTÍN OLACHEA,34,,,,,,COLONIA,LOS MAESTROS,,,,45150,14,JALISCO,120,Zapopan,1,Zapopan,2933,41,,,,Fijo,20.72214793,-103.3709685,2010-07
1736287,HOSPITAL SAN VICENTE,HOSPITAL MEDICO QUIRURGICO LA MERCED SA DE CV,622111,Hospitales generales del sector privado,11 a 30 personas,CALLE,AQUILES SERDAN,CALLE,HIDALGO,CALLE,COLON,CALLE,INDUSTRIA,126,,,,,,PUEBLO,SANTA ANITA,,,,45600,14,JALISCO,98,San Pedro Tlaquepaque,14,Santa Anita,1114,29,,,,Fijo,20.55211902,-103.4417344,2014-12
1921669,HOSPITAL SANTA ANA,DOCTORES VILLAGOMEZ Y ASOCIADOS SA DE CV,622311,Hospitales del sector privado de otras especialidades médicas,31 a 50 personas,CALLE,PRIMAVERA,CALLE,EMILIANO ZAPATA,CALLE,FRANCISCO I. MADERO,CALLE,5 DE MAYO,2125,,,,,,COLONIA,SANTA ANA TEPETITLAN,,,,45230,14,JALISCO,120,Zapopan,1,Zapopan,602,18,,,,Fijo,20.62515191,-103.455728,2010-07
1655557,HOSPITAL SANTA CLARA,,622111,Hospitales generales del sector privado,0 a 5 personas,CALLE,SAN MIGUEL ARCANGEL,CALLE,SAN MATEO EVANGELISTA,CALLE,SAN MARCOS EVANGELISTA,CALLE,SAN PABLO DE TARSO,959,,,,,,COLONIA,LOMAS DE SAN MIGUEL,,,,45589,14,JALISCO,98,San Pedro Tlaquepaque,1,Tlaquepaque,1097,18,3336596423,,,Fijo,20.620828,-103.3078905,2010-07
6338932,HOSPITAL SANTA MARGARITA SA DE CV,HOSPITAL SANTA MARGARITA SA DE CV,622111,Hospitales generales del sector privado,251 y más personas,CALLE,GARIBALDI,CALLE,CRUZ VERDE,CALLE,JUAN N. CUMPLIDO,CALLE,JOAQUÍN ANGULO,880,,,,0,,COLONIA,SECTOR HIDALGO,,,,44290,14,JALISCO,39,Guadalajara,1,Guadalajara,1113,3,,,,Fijo,20.68108401,-103.3578457,2010-07
6263786,HOSPITAL SANTA MARIA CHAPALITA,,622311,Hospitales del sector privado de otras especialidades médicas,251 y más personas,AVENIDA,NIÑO OBRERO,CALLE,SANTO TOMAS DE AQUINO,CALLE,DE LA REYNA,CALLE,SANTA RITA,1666,,,,0,,COLONIA,CHAPALITA,,,,45040,14,JALISCO,120,Zapopan,1,Zapopan,547,15,,INFO@HSMCH.MX,HSMCH.MX,Fijo,20.66723762,-103.4092518,2010-07
6342413,HOSPITAL SANTA MARTHA,POLICLINICA CASTILLO SA DE CV,622111,Hospitales generales del sector privado,101 a 250 personas,CALLE,JUAN DE DIOS ROBLEDO,CALLE,MANUEL PAYNO,CALLE,JESUS URUETA,CALLE,SEBASTIÁN ALLENDE,678,,,,,,COLONIA,LA HUERTA BAEZA,,,,44730,14,JALISCO,39,Guadalajara,1,Guadalajara,1202,3,,,,Fijo,20.67975748,-103.3112206,2010-07
1960363,HOSPITAL SANTA TERESITA,HOSPITAL SANTA TERESITA AC,622111,Hospitales generales del sector privado,6 a 10 personas,CALLE,HOSPITAL,CALLE,AGUSTIN DE ITURBIDE,CALLE,ANDRES TERAN,CALLE,JUAN ÁLVAREZ,1567,,,,0,,COLONIA,SANTA TERE,,,,44600,14,JALISCO,39,Guadalajara,1,Guadalajara,952,32,13338255237,,,Fijo,20.68556916,-103.3685723,2010-07
7113445,HOSPITAL SANTO NIÑO,,622111,Hospitales generales del sector privado,0 a 5 personas,PRIVADA,DURAZNO,CALLE,CHICOZAPOTE,CALLE,DURAZNO,PRIVADA,MANZANO,871,,,,,,COLONIA,PARAISOS DEL COLLI,,,,45069,14,JALISCO,120,Zapopan,1,Zapopan,4535,25,,ADMONSANTONINO@GMAIL.COM,,Fijo,20.65382792,-103.4533469,2019-11
1944717,HOSPITAL SANTO TORIBIO,,622311,Hospitales del sector privado de otras especialidades médicas,11 a 30 personas,CALLE,JUAN TERRIQUEZ,CALLE,HIDALGO,CALLE,GALEANA,PRIVADA,GALEANA,39,,,,,,PUEBLO,ZAPOTLANEJO CENTRO,,,,45430,14,JALISCO,124,Zapotlanejo,1,Zapotlanejo,480,19,3737341299,,,Fijo,20.62285006,-103.0710608,2010-07
1942161,HOSPITAL SILOE,HOSPITALES SILOES SA DE CV,622311,Hospitales del sector privado de otras especialidades médicas,51 a 100 personas,CALLE,PABLO VALDEZ,CALLE,EMILIANO ZAPATA,CALLE,FRANCISCO GONZALEZ LEON,CALLE,CALLE 2,3843,,,,,,COLONIA,RAMON LOPEZ VELARDE,,,,44760,14,JALISCO,39,Guadalajara,1,Guadalajara,3209,36,,,,Fijo,20.67418745,-103.2788116,2010-07
6263310,HOSPITAL TERRANOVA SA DE CV,HOSPITAL TERRANOVA SA DE CV,622111,Hospitales generales del sector privado,101 a 250 personas,CALLE,TERRANOVA,AVENIDA,MANUEL ACUÑA,CALLE,DOMINGO F. SARMIENTO,CALLE,RUBÉN DARÍO,556,,,,0,,COLONIA,PRADOS PROVIDENCIA,,,,44670,14,JALISCO,39,Guadalajara,1,Guadalajara,929,31,,ADMINISTRACIONGENERAL@HOSPITALTERRANOVA.COM,WWW.HOSPITALTERRANOVA.COM,Fijo,20.6851134,-103.3868607,2010-07
1643744,HOSPITAL TLAQUEPAQUE,,622111,Hospitales generales del sector privado,0 a 5 personas,CALLE,REFORMA,CALLE,ALFAREROS,CALLE,FRANCISCO DE MIRANDA,CALLE,PORVENIR,203,,,,0,,COLONIA,CENTRO TLAQUEPAQUE,,,,45500,14,JALISCO,98,San Pedro Tlaquepaque,1,Tlaquepaque,007A,5,3336355315,HOSPITALTALQUEPAQUE@LIVE.COM,,Fijo,20.63751002,-103.313789,2010-07
1824703,HOSPITAL TONALÁ,,622311,Hospitales del sector privado de otras especialidades médicas,11 a 30 personas,CALLE,SANTOS DEGOLLADO,CALLE,ZARAGOZA,PRIVADA,SANTOS DEGOLLADO,CALLE,JAVIER MINA,75,,,,,,COLONIA,TONALA CENTRO,,,,45400,14,JALISCO,101,Tonalá,1,Tonalá,927,14,3336830946,,,Fijo,20.62326736,-103.2457639,2010-07
1891604,HOSPITAL ZALATITAN,HOSPITAL ZALATITAN ,622311,Hospitales del sector privado de otras especialidades médicas,6 a 10 personas,CALLE,JUAREZ,AVENIDA,OBREGON,CALLE,HIDALGO,PRIVADA,PRIVADA DEL MERCADO,81,,,,0,,COLONIA,ZALATITAN,,,,45405,14,JALISCO,101,Tonalá,1,Tonalá,1319,26,3318484438,HZALATITAN@HOTMAIL.COM,,Fijo,20.65825626,-103.2616191,2010-07
1641507,HOSPITAL ZAPOPAN,OPD SERVICIOS DE SALUD DEL MUNICIPIO DE ZAPOPAN ,622112,Hospitales generales del sector público,251 y más personas,CALLE,RAMON CORONA,CALLE,CUITLAHUAC,CALLE,ANAHUAC,CALLE,COLÓN,500,,,,,,COLONIA,ZAPOPAN CENTRO,,,,45100,14,JALISCO,120,Zapopan,1,Zapopan,392,17,3336330929,,,Fijo,20.72417824,-103.3961103,2010-07
8981402,HOSPITALES DEL SECTOR PRIVADO DE OTRAS ESPECIALIDADES MÉDICAS,,622311,Hospitales del sector privado de otras especialidades médicas,6 a 10 personas,CALLE,MIGUEL HIDALGO Y COSTILLA,BOULEVARD,HOMERO,CALLE,HERODOTO,CALLE,ALEJANDRO,3275,D,,,0,,COLONIA,VALLARTA SAN JORGE,,,,44690,14,JALISCO,39,Guadalajara,1,Guadalajara,1274,5,,CONTACTO.RY@GMAIL.COM,,Fijo,20.67624364,-103.3980708,2019-11
7113579,HOSPITALES GENERALES DEL SECTOR PRIVADO,,622111,Hospitales generales del sector privado,0 a 5 personas,CALLE,20 DE NOVIEMBRE,CALLE,5 DE MAYO,CALLE,28 DE ENERO,CALLE,HIDALGO,263,,"HOSPITAL, CENTRO MEDICO O CLINICA",1,0,,COLONIA,AVENIDA HIDALGO,"HOSPITAL, CENTRO MEDICO O CLINICA",NUCLEO MEDICO DE ESPECIALIDADES,263,45100,14,JALISCO,120,Zapopan,1,Zapopan,027A,32,,,,Fijo,20.72078772,-103.3891746,2019-11
8185331,HOSPITALES MAC,CENTRO HOSPITALARIO MAC SA DE CV,622111,Hospitales generales del sector privado,11 a 30 personas,AVENIDA,HIDALGO,CALLE,5,CALLE,5,CALLE,5,930,,,,0,,COLONIA,AMERICANA,,,,44200,14,JALISCO,39,Guadalajara,1,Guadalajara,133A,3,,ELVIRA.RUIZ@HOSPITALESMAC.COM,www.hospitalesmac.com,Fijo,20.67717768,-103.3580888,2019-11
1800195,HPED OBLATOS UNIDAD MÉDICA DE ALTA ESPECIALIDAD HOSPITAL DE PEDIATRIA CMNO,INSTITUTO MEXICANO DEL SEGURO SOCIAL ,622112,Hospitales generales del sector público,251 y más personas,AVENIDA,BELISARIO DOMINGUEZ,CALLE,SIERRA MORENA,CALLE,SALVADOR QUEVEDO Y ZUBIETA,CALLE,SIERRA MOJADA,735,,,,,,COLONIA,INDEPENDENCIA ORIENTE,,,,44340,14,JALISCO,39,Guadalajara,1,Guadalajara,1170,9,3336683000,,,Fijo,20.68327661,-103.3269671,2014-12
1806221,IMSS,EL GOBIERNO ,622112,Hospitales generales del sector público,31 a 50 personas,PROLONGACION,JUAREZ,CALLE,IGNACIO RAMIREZ,CALLE,NINGUNO,CALLE,LÓPEZ RAYÓN,330,,,,,SN,BARRIO,JARDINES DEL PARAISO,,,,45430,14,JALISCO,124,Zapotlanejo,1,Zapotlanejo,018A,47,,,,Fijo,20.62222199,-103.0577469,2010-07
1863111,IMSS HGZ 89,IMSS HGZ 89 ,622112,Hospitales generales del sector público,251 y más personas,OTRO (ESPECIFIQUE),AGUSTÍN YÁÑEZ,AVENIDA,CHAPULTEPEC SUR,CALLE,COLONIAS,CALLE,ESPAÑA,,,,,1988,,COLONIA,MODERNA,,,,44190,14,JALISCO,39,Guadalajara,1,Guadalajara,2145,29,,,,Fijo,20.66387858,-103.3678275,2010-07
6768613,INNOVARE CIRUGIAPLSTICA SIGLO XXI,CIR PLASTICA SIGLO XXI  ,622311,Hospitales del sector privado de otras especialidades médicas,0 a 5 personas,CALLE,VERONA,AVENIDA,UNIVERSIDAD,CALLE,FRACCIONAMIENTO VERONA,CALLE,NINGUNO,7412,,OTRO CONGLOMERADO,1,,,COLONIA,VIRREYES RESIDENCIAL,,,,45110,14,JALISCO,120,Zapopan,1,Zapopan,5942,1,3334660310,DRCESARE@CESARECIRUGIAPLASTICA.COM,WWW.CESARECIRUGIAPLASTICA.COM,Fijo,20.70248348,-103.4459587,2016-10
7897716,INSTITUTO CARDIOVASCULAR DE MINIMA INVASION,INSTITUTO CARDIOVASCULAR DE MINIMA INVASION SC,622111,Hospitales generales del sector privado,11 a 30 personas,AVENIDA,EMPRESARIOS,BOULEVARD,PUERTA DE HIERRO,CALLE,PASEO DE LOS VIRREYES,BOULEVARD,PUERTA DE HIERRO,150,,,,19,NP,COLONIA,PUERTA DE HIERRO,,,,45116,14,JALISCO,120,Zapopan,1,Zapopan,3306,26,,,,Fijo,20.70830935,-103.4148947,2019-11
1888571,INSTITUTO DE CANCEROLOGIA DE LA SECRETARIA DE SALUD,INSTITUTO JALISCIENSE DE CANCEROLOGIA ,622112,Hospitales generales del sector público,251 y más personas,CALLE,CORONEL CALDERON,CALLE,TENERIAS,CALLE,HOSPITAL,CALLE,HOSPITAL,,SN,,,,,COLONIA,EL RETIRO,,,,44280,14,JALISCO,39,Guadalajara,1,Guadalajara,101A,21,3336580046,,,Fijo,20.68724578,-103.3428146,2010-07
1964874,INSTITUTO DE CIRUGIA RECONSTRUCTIVA,SECRETARÍA DE SALUD JALISCO ,622112,Hospitales generales del sector público,101 a 250 personas,CALLE,MEZQUITAN,CALLE,MARACAIBO,CIRCUITO,DIVISION DEL NORTE,CALZADA,CALZADA DEL FEDERALISMO NORTE,,SN,,,,,COLONIA,GUADALUPANA,,,,44220,14,JALISCO,39,Guadalajara,1,Guadalajara,4086,17,3338243136,,,Fijo,20.7073395,-103.3547086,2010-07
7405906,INSTITUTO DE ESPECIALIDADES NEFROLOGICAS,INSTITUTO DE ESPECIALIDADES NEFROLOGICAS SC,622311,Hospitales del sector privado de otras especialidades médicas,11 a 30 personas,AVENIDA,TONALA,CALLE,REVOLUCION,CALLE,PLAZA,CALLE,27 DE SEPTIEMBRE,271,,,,0,,COLONIA,SAN ELIAS,,,,45400,14,JALISCO,101,Tonalá,1,Tonalá,097A,14,,,,Fijo,20.61842694,-103.2514469,2019-11
1642409,INSTITUTO DE PENSIONES DEL ESTADO DE JALISCO. UNIDAD MEDICO FAMILIAR. PILA SECA,GOBIERNO H. AYUNTAMIENTO DE SAN PEDRO TLAQUEPAQUE ,622112,Hospitales generales del sector público,51 a 100 personas,AVENIDA,NIÑOS HEROES,PROLONGACION,ATHOR,CALLE,ANUBIS,PRIVADA,NINGUNO,231,,,,0,,COLONIA,PRADOS DEL NILO,,,,44840,14,JALISCO,98,San Pedro Tlaquepaque,1,Tlaquepaque,2413,18,3332080340,ROCIO.SANCHEZ@IPEJAL.GOB.MX,WWW.IPEJAL.COM.MX,Fijo,20.64372711,-103.3146497,2014-12
7119065,INSTITUTO DE SEGURIDAD Y SERVICIO SOCIALES DE LOS TRABAJADORES DEL ESTADO,SECRETARIA DE SALUD ,622112,Hospitales generales del sector público,0 a 5 personas,ANDADOR,B,CIRCUITO,NORTE I,CALLE,NINGUNO,CALLE,NINGUNO,,SN,,,,,COLONIA,PRADOS DE ATEQUIZA,,,,45850,14,JALISCO,44,Ixtlahuacán de los Membrillos,2,Atequiza,134,5,,,,Fijo,20.399065,-103.1429374,2019-11
1870062,INSTITUTO JALISCIENSE DE ALIVIO AL DOLOR Y CUIDADOS PALIATIVOS,INSTITUTO JALISCIENSE DE ALIVIO AL DOLOR Y CUIDADOS PALIATIVOS ,622112,Hospitales generales del sector público,6 a 10 personas,AVENIDA,ZOQUIPAN,AVENIDA,D,CALLE,LAGUNA DE ALVARADO,CALLE,LAGO TEQUESQUITENGO,1000,C,,,,,COLONIA,ZOQUIPAN,,,,45150,14,JALISCO,120,Zapopan,1,Zapopan,2242,6,3335857794,,WWW.PALIA.GOB.MX,Fijo,20.71819771,-103.3708669,2010-07
1840453,INSTITUTO MEXICANO DEL SEGURO SOCIAL,INSTITUTO MEXICANO DEL SEGURO SOCIAL ,622112,Hospitales generales del sector público,251 y más personas,AVENIDA,TONALA,AVENIDA,TONALTECAS,CALLE,SANTOS DEGOLLADO,CALLE,ALFAREROS,121,,,,,,COLONIA,CENTRO,,,,45400,14,JALISCO,101,Tonalá,1,Tonalá,097A,18,3336832189,,,Fijo,20.61872869,-103.247611,2010-07
1856633,INSTITUTO MEXICANO DEL SEGURO SOCIAL,INSTITUTO MEXICANO DEL SEGURO SOCIAL ,622112,Hospitales generales del sector público,101 a 250 personas,CALLE,CUITLAHUAC,CALLE,FRANCISCO SILVA ROMERO,CALLE,PLAZA DE LA BANDERA,CALLE,GUADALUPE VICTORIA,769,,,,,,COLONIA,ANALCO,,,,44360,14,JALISCO,39,Guadalajara,1,Guadalajara,1927,9,3336192929,,,Fijo,20.66360552,-103.3348091,2010-07
1649916,IVF FERTILITY CLINIC GUADALAJARA,CORPORATIVO INTERA S DE RL DE CV,622311,Hospitales del sector privado de otras especialidades médicas,6 a 10 personas,AVENIDA,LOPEZ MATEOS SUR,CALLE,MORELOS,CALLE,HIDALGO,CALLE,SOLEDAD,3561,,,,1,,LOCALIDAD,LOS GAVILANES,,,,45645,14,JALISCO,97,Tlajomulco de Zúñiga,20,Los Gavilanes,1013,2,3336165558,ADMOISTRACION@IVFGUADALAJARA.COM,WWW.INTERAGLOBAL.COM,Fijo,20.57595952,-103.4521909,2011-03
8399948,JUAN JOSÉ CIRUJANO,,622111,Hospitales generales del sector privado,0 a 5 personas,CALLE,AGUSTIN DE LA ROSA,CALLE,HOSPITAL,CALLE,JUAN ÁLVAREZ,CALLE,AURELIO L. GALLARDO,471,A,,,,,COLONIA,LADRON DE GUEVARA,,,,44600,14,JALISCO,39,Guadalajara,1,Guadalajara,948,4,,,,Fijo,20.68531297,-103.3754454,2019-11
8420302,JUNTOS CONTRA EL DOLOR,JUNTOS CONTRA EL DOLOR AC,622111,Hospitales generales del sector privado,31 a 50 personas,CALLE,NICOLAS ROMERO,CALLE,PLAN DE SAN LUIS POTOSI,CALLE,MAR ROJO,CALLE,GREGORIO DÁVILA,1358,G,,,,,COLONIA,SAN BERNARDO,,,,44260,14,JALISCO,39,Guadalajara,1,Guadalajara,346,14,,JUNTOSCONTRAELDOLOR@GMAIL.COM,,Fijo,20.6973954,-103.3617591,2019-11
1880942,JUREMI S.A. DE C.V.,,622111,Hospitales generales del sector privado,6 a 10 personas,CALLE,VOLCAN COSINGUINA,CALLE,VOLCAN COSINGUINA,CALLE,VOLCAN USULUTAN,CALLE,BARDA,3892,,,,,,COLONIA,LOMAS DEL PARAISO,,,,44250,14,JALISCO,39,Guadalajara,1,Guadalajara,4387,45,3336747731,,,Fijo,20.7283157,-103.3178624,2010-07
6476226,LÁSER SCOPE,,622111,Hospitales generales del sector privado,6 a 10 personas,CALLE,TURIN,CALLE,RUBEN DARIO,CALLE,ONTARIO,CALLE,FLORENCIA,2796,,,,103,,COLONIA,PROVIDENCIA,,,,44630,14,JALISCO,39,Guadalajara,1,Guadalajara,609,14,15960896,LASERSCOPEMEXICO@HOTMAIL.COM,,Fijo,20.69435785,-103.382764,2016-01
7871859,LIVAN,EDELFO SC,622111,Hospitales generales del sector privado,0 a 5 personas,CALLE,RUBEN DARIO,CALLE,BOGOTA,AVENIDA,PROVIDENCIA,CALLE,YUKÓN,1533,,,,,,COLONIA,PROVIDENCIA,,,,44639,14,JALISCO,39,Guadalajara,1,Guadalajara,577,11,,,WWW.CENTROEDELFO.COM,Fijo,20.69924296,-103.3828395,2019-11
1957308,LOMAS PROVIDENCIA UNIDAD MEDICA,LOMAS PROVIDENCIA UNIDAD MEDICA  SA DE CV,622311,Hospitales del sector privado de otras especialidades médicas,51 a 100 personas,CALLE,VICTORIA,CALLE,PABLO NERUDA,CALLE,BOGOTA,CALLE,NUEVA ESCOCIA,1515,,,,,,COLONIA,COLOMOS PROVIDENCIA,,,,44660,14,JALISCO,39,Guadalajara,1,Guadalajara,280,17,3318389105,,,Fijo,20.69748333,-103.3896923,2010-07
1953875,MÉDICA HUMANA 248,ESTRATEGIA LOGISTICA BIOMEDICA SC,622111,Hospitales generales del sector privado,0 a 5 personas,CALLE,MORELOS,CALLE,FRANCISCO GONZALEZ ROJAS,CALLE,LUIS PEREZ VERDIA,AVENIDA,HIDALGO,2060,,,,,,COLONIA,LADRON DE GUEVARA,,,,44600,14,JALISCO,39,Guadalajara,1,Guadalajara,1306,15,,MEDICAHUMANA@YAHOO.COM,,Fijo,20.67561358,-103.3779707,2014-12
1914775,MÉDICA SUR,,622311,Hospitales del sector privado de otras especialidades médicas,6 a 10 personas,CALLE,CARNERO,CALLE,VIA LACTEA,CALLE,NICOLAS COPERNICO,CALLE,PEDRO SIMÓN LAPLACE,5432,,,,0,,COLONIA,ARBOLEDAS,,,,45070,14,JALISCO,120,Zapopan,1,Zapopan,4465,14,3336348979,,,Fijo,20.6303358,-103.4225011,2010-07
6339388,MEDICOS ASOCIADOS DE LA CRUZ SA DE CV,,622111,Hospitales generales del sector privado,51 a 100 personas,CALLE,ISLA MARGARITA,CALLE,ISLAS FILIPINAS,CALLE,ISLA ARUBA,CALLE,ISLA BARBADOS,2004,,,,,,COLONIA,JARDINES DE LA CRUZ,,,,44950,14,JALISCO,39,Guadalajara,1,Guadalajara,2696,18,,CONTACTO@HOSPITALDELACRUZ.COM,WWW.HOSPITALDELACRUZ.COM,Fijo,20.64206867,-103.3840322,2012-06
8405831,NUCLEO MÉDICO COUNTRY,,622111,Hospitales generales del sector privado,0 a 5 personas,CALLE,ALFREDO R. PLASCENCIA,CALLE,JOSE MARIA VIGIL,CALLE,COLOMOS,CALLE,BERNARDO DE BALBUENA,889,,,,5,,COLONIA,AYUNTAMIENTO,,,,44620,14,JALISCO,39,Guadalajara,1,Guadalajara,4866,4,,,,Fijo,20.69191856,-103.3714977,2019-11
1828193,NUCLEO MÉDICO DE LA CRUZ,,622111,Hospitales generales del sector privado,0 a 5 personas,CALLE,CONSTITUCION,CALLE,ÁLVARO OBREGON,CALLE,RAMON CORONA,CALLE,CUAUHTÉMOC,44,,,,,,COLONIA,TONALA CENTRO,,,,45400,14,JALISCO,101,Tonalá,1,Tonalá,946,22,3336832780,NUCLEOMED@HOTMAIL.ES,,Fijo,20.62591393,-103.2396994,2010-07
1698582,NUCLEO MÉDICO GUADALUPE,NUCLEO MEDICO GUADALUPE ,622111,Hospitales generales del sector privado,0 a 5 personas,AVENIDA,GUADALUPE,PRIVADA,NIÑO OBRERO,CALLE,EL CARMEN,CALLE,SANTO TOMÁS DE AQUINO,4064,,,,,,FRACCIONAMIENTO,CAMINO REAL,,,,45040,14,JALISCO,120,Zapopan,1,Zapopan,4732,9,3331233060,,,Fijo,20.66499332,-103.410374,2014-12
7304849,NUCLEO MÉDICO SAGITARIO,,622111,Hospitales generales del sector privado,0 a 5 personas,CALLE,SAGITARIO,CALLE,VIA LACTEA,CALLE,CAN MAYOR,CALLE,VIRGEN,5399,,"HOSPITAL, CENTRO MEDICO O CLINICA",17,,,MANZANA,ARBOLEDAS,"HOSPITAL, CENTRO MEDICO O CLINICA",NUCLEO MEDICO SAGITARIO,5399,45070,14,JALISCO,120,Zapopan,1,Zapopan,4465,11,,,,Fijo,20.63010915,-103.4201349,2019-11
8361212,NUCLEO MÉDICO SAGITARIO,,622111,Hospitales generales del sector privado,0 a 5 personas,CALLE,SAGITARIO,CALLE,VIA LACTEA,CALLE,CAN MAYOR,CALLE,VIRGEN,5399,,"HOSPITAL, CENTRO MEDICO O CLINICA",17,,,MANZANA,ARBOLEDAS,"HOSPITAL, CENTRO MEDICO O CLINICA",NUCLEO MEDICO SAGITARIO,5399,45070,14,JALISCO,120,Zapopan,1,Zapopan,4465,11,,,,Fijo,20.63010915,-103.4201349,2019-11
8361213,NUCLEO MÉDICO SAGITARIO,,622111,Hospitales generales del sector privado,0 a 5 personas,CALLE,SAGITARIO,CALLE,VIA LACTEA,CALLE,CAN MAYOR,CALLE,VIRGEN,5399,,"HOSPITAL, CENTRO MEDICO O CLINICA",17,,,MANZANA,ARBOLEDAS,"HOSPITAL, CENTRO MEDICO O CLINICA",NUCLEO MEDICO SAGITARIO,5399,45070,14,JALISCO,120,Zapopan,1,Zapopan,4465,11,,,,Fijo,20.63010915,-103.4201349,2019-11
7304893,NUCLEO MÉDICO SAGITARIO,,622111,Hospitales generales del sector privado,0 a 5 personas,CALLE,SAGITARIO,CALLE,VIA LACTEA,CALLE,CAN MAYOR,CALLE,VIRGEN,5399,,"HOSPITAL, CENTRO MEDICO O CLINICA",17,,,MANZANA,ARBOLEDAS,"HOSPITAL, CENTRO MEDICO O CLINICA",NUCLEO MEDICO SAGITARIO,5399,45070,14,JALISCO,120,Zapopan,1,Zapopan,4465,11,,,,Fijo,20.63010915,-103.4201349,2019-11
7304847,NUCLEO MÉDICO SAGITARIO,,622111,Hospitales generales del sector privado,0 a 5 personas,CALLE,SAGITARIO,CALLE,VIA LACTEA,CALLE,CAN MAYOR,CALLE,VIRGEN,5399,,"HOSPITAL, CENTRO MEDICO O CLINICA",17,,,MANZANA,ARBOLEDAS,"HOSPITAL, CENTRO MEDICO O CLINICA",NUCLEO MEDICO SAGITARIO,5399,45070,14,JALISCO,120,Zapopan,1,Zapopan,4465,11,,,,Fijo,20.63010915,-103.4201349,2019-11
7304848,NUCLEO MÉDICO SAGITARIO,,622111,Hospitales generales del sector privado,0 a 5 personas,CALLE,SAGITARIO,CALLE,VIA LACTEA,CALLE,CAN MAYOR,CALLE,VIRGEN,5399,,"HOSPITAL, CENTRO MEDICO O CLINICA",17,,,MANZANA,ARBOLEDAS,"HOSPITAL, CENTRO MEDICO O CLINICA",NUCLEO MEDICO SAGITARIO,5399,45070,14,JALISCO,120,Zapopan,1,Zapopan,4465,11,,,,Fijo,20.63010915,-103.4201349,2019-11
8773275,NUCLEO MÉDICO SAGITARIO,,622111,Hospitales generales del sector privado,0 a 5 personas,CALLE,SAGITARIO,CALLE,VIA LACTEA,CALLE,CAN MAYOR,CALLE,VIRGEN,5399,,"HOSPITAL, CENTRO MEDICO O CLINICA",17,,,MANZANA,ARBOLEDAS,"HOSPITAL, CENTRO MEDICO O CLINICA",NUCLEO MEDICO SAGITARIO,5399,45070,14,JALISCO,120,Zapopan,1,Zapopan,4465,11,,,,Fijo,20.63010915,-103.4201349,2019-11
8773317,NUCLEO MÉDICO SIN NOMBRE,,622111,Hospitales generales del sector privado,6 a 10 personas,CALLE,CARNERO,CALLE,SERPENTARIO,CALLE,CAN MAYOR,CALLE,CAN MAYOR,5398,,"HOSPITAL, CENTRO MEDICO O CLINICA",17,,,MANZANA,ARBOLEDAS,"HOSPITAL, CENTRO MEDICO O CLINICA",CENTRO MEDICO,5398,45070,14,JALISCO,120,Zapopan,1,Zapopan,4465,1,,,,Fijo,20.63122086,-103.4219059,2019-11
1652801,OFICINA ADMINISTRATIVA DEL HOSPITAL JUSTO SIERRA,"HOSPITAL JUSTO SIERRA, S.C. ",622111,Hospitales generales del sector privado,0 a 5 personas,CALLE,LUIS PÉREZ VERDIA,CALLE,MANUEL CABALLERO,CALLE,JUSTO SIERRA,CALLE,AURELIO LUIS GALLARDO,,,,,106,,COLONIA,LADRON DE GUEVARA,,,,44600,14,JALISCO,39,Guadalajara,1,Guadalajara,1306,1,,,WWW.HOSPITALJUSTOSIERRA.AMAWEBS.COM,Fijo,20.67778802,-103.3771545,2012-06
7897714,ONCO CLINIC,,622111,Hospitales generales del sector privado,0 a 5 personas,AVENIDA,EMPRESARIOS,BOULEVARD,PUERTA DE HIERRO,CALLE,PASEO DE LOS VIRREYES,BOULEVARD,PUERTA DE HIERRO,150,,,,,,COLONIA,PUERTA DE HIERRO,,,,45116,14,JALISCO,120,Zapopan,1,Zapopan,3306,26,,,,Fijo,20.70830935,-103.4148947,2019-11
6264844,OPERADORA DE HOSPITALES ÁNGELES SA DE CV SUCURSAL DEL CARMEN,OPERADORA DE HOSPITALES ANGELES SA DE CV,622111,Hospitales generales del sector privado,251 y más personas,CALLE,TARASCOS,CALLE,5,CALLE,5,CALLE,5,3435,,,,0,,COLONIA,MONRAZ,,,,44670,14,JALISCO,39,Guadalajara,1,Guadalajara,1043,15,,,,Fijo,20.68108904,-103.3981962,2010-07
1642716,PABLO NERUDA HOSPITAL,PABLO NERUDA HOSPITAL SA DE CV,622111,Hospitales generales del sector privado,31 a 50 personas,CALLE,PABLO NERUDA,PRIVADA,NINGUNO,CALLEJON,DE LAS BUGAMBILIAS,CALLEJON,DEL QUIJOTE,4150,,,,,,COLONIA,VILLA UNIVERSITARIA,,,,45110,14,JALISCO,120,Zapopan,1,Zapopan,116A,1,3336100325,,,Fijo,20.69188471,-103.4100116,2010-07
6264824,REACTIVOS Y QUIMICOS,REACTIVOS Y QUIMICOS SA DE CV,622311,Hospitales del sector privado de otras especialidades médicas,11 a 30 personas,AVENIDA,NIÑOS HÉROES,CALLE,5,CALLE,5,CALLE,5,2591,,,,0,,COLONIA,JARDINES DEL BOSQUE,,,,44520,14,JALISCO,39,Guadalajara,1,Guadalajara,5313,27,,REAQUIMISA@PRODIGY.NET.MX,WWW.REACTIVOS.COM.MX,Fijo,20.66639567,-103.3821376,2010-07
1843688,SANATORI Y MATERNIDAD COLONIAS,SANATORIO Y MATERNIDAD COLONIAS SA DE CV,622311,Hospitales del sector privado de otras especialidades médicas,11 a 30 personas,AVENIDA,HIDALGO,CALLE,JOSE CLEMENTE OROZCO,CALLE,GABRIEL RAMOS MILLAN,CALLE,MORELOS,1375,,,,1351,,COLONIA,LADRON DE GUEVARA,,,,44160,14,JALISCO,39,Guadalajara,1,Guadalajara,1325,17,3338447033,,WWW.HOSPITALCOLONIAS.COM.MX,Fijo,20.67675454,-103.3668049,2010-07
1936484,SANATORIO DEL ORIENTE,SANATORIO DEL ORIENTE SA,622111,Hospitales generales del sector privado,11 a 30 personas,CALLE,LAGUNITAS,CALLE,MANUEL PAYNO,CALLE,JESUS URUETA,CALLE,DIEGO CUENTAS,908,,,,,,COLONIA,SAN ISIDRO,,,,44740,14,JALISCO,39,Guadalajara,1,Guadalajara,1452,23,3336559937,,,Fijo,20.67599584,-103.298904,2010-07
6263551,SANATORIO GUADALAJARA SA,SANATORIO GUADALAJARA SA,622111,Hospitales generales del sector privado,101 a 250 personas,CALLE,JUSTO SIERRA,CALLE,ALFREDO R. PLASCENCIA,CALLE,MANUEL M. DIÉGUEZ,AVENIDA,MÉXICO,2130,,,,0,,COLONIA,LADRÓN DE GUEVARA,,,,44600,14,JALISCO,39,Guadalajara,1,Guadalajara,1310,8,,SANATORIOGUADALAJARA@YAHOO.COM.MX,WWW.SANATORIOGUADALAJARA.ORG.MX,Fijo,20.67773618,-103.3712535,2010-07
1867340,SANATORIO MATERNIDAD DEL ÁNGEL,,622111,Hospitales generales del sector privado,11 a 30 personas,AVENIDA,VENUSTIANO CARRANZA,CALLE,INGENIERO PASTOR RAVOIX,CALLE,PROFESOR LUIS G. MONZON,CALLE,ENRIQUE RECIO,824,,,,,,COLONIA,CONSTITUCION,,,,45180,14,JALISCO,120,Zapopan,1,Zapopan,2929,20,,,,Fijo,20.72810968,-103.3727911,2014-12
1732876,SANATORIO PROVIDENCIA DE TLAQUEPAQUE,,622111,Hospitales generales del sector privado,11 a 30 personas,AVENIDA,NIÑOS HEROES,CALLE,INDEPENDENCIA EJE,CALLE,RIO JUAREZ,CALLE,ALFAREROS,29,,,,,29,COLONIA,TLAQUEPAQUE,,,,45500,14,JALISCO,98,San Pedro Tlaquepaque,1,Tlaquepaque,007A,20,3336395155,SANATORIOPROVIDENCIA@LIVE.COM,,Fijo,20.63873984,-103.3165562,2010-07
6338829,SANATORIO SAN FRANCISCO DE ASÍS SA DE CV,SANATORIO SAN FRANCISCO DE ASIS SA DE CV,622111,Hospitales generales del sector privado,251 y más personas,AVENIDA,PROLONGACIÓN DE LAS AMÉRICAS,CALLE,MAR MEDITERRÁNEO,PRIVADA,NINGUNO,AVENIDA,MANUEL ÁVILA CAMACHO,1946,,,,0,,COLONIA,LOMAS DEL COUNTRY,,,,44610,14,JALISCO,39,Guadalajara,1,Guadalajara,30,4,,HH.DAVALOS@SANATORIOSANFRANCISCODEASIS.COM.MX,,Fijo,20.70879673,-103.3780162,2010-07
1854228,SANATORIO SAN GERONIMO,SANATORIO SAN GERONIMO SA,622311,Hospitales del sector privado de otras especialidades médicas,31 a 50 personas,AVENIDA,JAVIER MINA,CALLE,RITA PEREZ DE MORENO,CALLE,ÁLVAREZ DEL CASTILLO,CALLE,ÁLVARO OBREGÓN,1242,,,,,,COLONIA,LA PENAL,,,,44370,14,JALISCO,39,Guadalajara,1,Guadalajara,1679,3,,,SANGERONIMO.COM.MX,Fijo,20.66888347,-103.3182321,2010-07
6263360,SANATORIO SAN JUAN DE DIOS,SAN JUAN DE DIOS SERVICIO DE SALUD  AC,622211,Hospitales psiquiátricos y para el tratamiento por adicción del sector privado,101 a 250 personas,AVENIDA,JUAN PABLO II,CALLE,MORELOS,AVENIDA,AURELIO ORTEGA,CALLE,MORELOS,200,,,,,,COLONIA,MORELOS,,,,45150,14,JALISCO,120,Zapopan,1,Zapopan,1121,34,,,,Fijo,20.72192922,-103.3873013,2010-07
1632826,SANATORIO SAN NICOLAS DE BARI,,622111,Hospitales generales del sector privado,0 a 5 personas,CALLE,ANILLO PERIFERICO NORTE MANUEL GOMEZ MORIN,CALLE,TENIS,CALLE,CLUB ORO,CALLE,CLUB GUADALAJARA,4067,,,,,,COLONIA,AUDITORIO,,,,45180,14,JALISCO,120,Zapopan,1,Zapopan,2280,24,3333662669,,SANATORIOSANNICOLASDEBARI.COM,Fijo,20.73092409,-103.3504244,2010-07
6796734,SANATORIO SAN NICOLÁS DE BARI,SANATORIO AUDITORIO BJ SA DE CV,622111,Hospitales generales del sector privado,11 a 30 personas,CALLE,ANILLO PERIFERICO NORTE MANUEL GOMEZ MORIN,CALLE,TENIS,CALLE,CLUB ORO,CALLE,CLUB GUADALAJARA,4067,,,,,,COLONIA,AUDITORIO,,,,45180,14,JALISCO,120,Zapopan,1,Zapopan,2280,24,,,WWW.SANATORIOSANNICOLASDEBAR.COM,Fijo,20.73090183,-103.350367,2017-11
1830641,SANATORIO SANTA MA DE GUADALUPE,,622311,Hospitales del sector privado de otras especialidades médicas,11 a 30 personas,CALZADA,GOBERNADOR LUIS G. CURIEL,CALZADA,LAZARO CARDENAS,CALLE,14,CALLE,9,2265,,,,,,COLONIA,FERROCARRIL,,,,44440,14,JALISCO,39,Guadalajara,1,Guadalajara,2588,38,3338123289,SANATORIOMAGPE@HOTMAIL.COM,,Fijo,20.64296329,-103.3520023,2010-07
1716754,SANATORIO SANTO SANTIAGO,SANATORIO SANTO SANTIAGO ,622111,Hospitales generales del sector privado,11 a 30 personas,CALLE,VENUSTIANO CARRANZA,CALLE,PINO SUAREZ,CALLE,ANESAGASTI,CALLE,5 DE MAYO,30,,,,,,COLONIA,TONALA CENTRO,,,,45400,14,JALISCO,101,Tonalá,1,Tonalá,927,17,,,,Fijo,20.6224812,-103.2411701,2014-12
6339188,SANATORIO VERSALLES,SANATORIO VERSALLES DE GUADALAJARA SA DE CV,622311,Hospitales del sector privado de otras especialidades médicas,101 a 250 personas,AVENIDA,FRAY ANTONIO ALCALDE,CALLE,FEDERICO E. IBARRA,CALLE,FRANCISCO J. MÚGICA,CALLE,MÁLAGA,2170,,,,,,COLONIA,SANTA MONICA,,,,44220,14,JALISCO,39,Guadalajara,1,Guadalajara,115,12,,RECEPCION@HOSPITALVERSALLES.COM.MX,WWW.HOSPITALVERSALLES.COM.MX,Fijo,20.70809474,-103.3465507,2010-07
7872015,SANNIA ESPECIALIDADES,CENTRO MEDICO QUIRUGICO ,622311,Hospitales del sector privado de otras especialidades médicas,11 a 30 personas,CALLE,JESUS GARCIA,CALLE,TERRANOVA,CALLE,RUBEN DARIO,CALLE,ENRIQUE RODO,2783,,,,,,COLONIA,PRADOS PROVIDENCIA,,,,44670,14,JALISCO,39,Guadalajara,1,Guadalajara,929,24,,,,Fijo,20.68932965,-103.3858004,2019-11
8972735,SERVICIO MÉDICO MILITAR,SERVICIO MEDICO MILITAR SC,622111,Hospitales generales del sector privado,11 a 30 personas,AVENIDA,PASEO DEL TORREON,CALLE,PRIVADA PABELLON,PRIVADA,PASEO DEL VALLE,CALLE,PASEO DEL FARO,231,,,,,,FRACCIONAMIENTO,SAN FRANCISCO DE LA SOLEDAD,,,,45424,14,JALISCO,101,Tonalá,190,Paseo Puente Viejo,2374,14,,,,Fijo,20.56776114,-103.1911377,2019-11
1877782,SERVICIO MÉDICO MUNICIPAL DE TLAJOMULCO CRUZ VERDE,SERVICIOS MÉDICOS MUNICIPAL DE TLAJOMULCO ,622112,Hospitales generales del sector público,251 y más personas,CALLE,ARROYO DE LA PRESA VIEJA,CALLE,ABASOLO PONIENTE,CALLE,NINGUNO,CALLE,MELCHOR OCAMPO NORTE,,SN,,,,,COLONIA,EL ZAPOTE,,,,45640,14,JALISCO,97,Tlajomulco de Zúñiga,1,Tlajomulco de Zúñiga,195,1,32834400,,,Fijo,20.47993807,-103.4536138,2010-07
7063318,SERVICIO MEDICOS MUNIPALES TLAJOMULCO DE ZUÑIGA UNIDAD CORREDOR CHAPALA,,622112,Hospitales generales del sector público,11 a 30 personas,AVENIDA,AURORA BOREAL,CALLE,NINGUNO,CALLE,BENITO JUAREZ,CALLE,PLUTARCO ELÍAS CALLES,,SN,,,,,COLONIA,EL CAPULIN,,,,45675,14,JALISCO,97,Tlajomulco de Zúñiga,9,El Capulín,2810,59,,,,Fijo,20.47379415,-103.2787155,2019-11
1808504,SERVICIOS HOSPITALARIOS Y QUIRÚRGICOS SANTA FE,HOSPITAL SANTA FE S DE RL DE CV,622111,Hospitales generales del sector privado,11 a 30 personas,CALLE,GALEANA,CALLE,JAVIER MINA,CALLE,CONFEDERACION REVOLUCIONARIA,CALLE,EMILIANO ZAPATA,22,,,,,,PUEBLO,SANTA FE,,,,45460,14,JALISCO,124,Zapotlanejo,176,Santa Fe,160,1,3737344205,,,Fijo,20.52615156,-103.0843499,2010-07
1822607,SERVICIOS MEDICOS HOSPITAL SAN MIGUEL ARCÁNGEL,SERVICIOS MEDICOS HOSPITAL SAN MIGUEL SA DE CV,622111,Hospitales generales del sector privado,31 a 50 personas,CALLE,JAVIER MINA,CALLE,RUBI,CALLE,TURQUESA,CALLE,TURQUESA,2415,,,,,,COLONIA,COL. MARIANO OTERO,,,,45067,14,JALISCO,120,Zapopan,1,Zapopan,2384,9,,,,Fijo,20.63300822,-103.4481611,2010-07
1814506,SERVICIOS MEDICOS MUNICIPALES,H AYUNTAMIENTO EL SALTO JALISCO ,622112,Hospitales generales del sector público,11 a 30 personas,PROLONGACION,CONSTITUCION,CALLE,16 DE SEPTIEMBRE,CALLE,INDEPENDENCIA,CALLE,PINO SUÁREZ,26,,"HOSPITAL, CENTRO MEDICO O CLINICA",17,,,COLONIA,EL SALTO CENTRO,"HOSPITAL, CENTRO MEDICO O CLINICA",SERVICIOS MEDICOS MUNICIPALES,26,45680,14,JALISCO,70,El Salto,1,El Salto,45,5,32841246,,,Fijo,20.5189068,-103.1785572,2010-07
1722180,SERVICIOS MEDICOS MUNICIPALES,SERVICIOS MEDICOS MUNICIPALEES DE SALUD ,622112,Hospitales generales del sector público,11 a 30 personas,PRIVADA,PASEO DE LAS LIMAS,CALLE,PASEO DE LOS NARANJOS,CALLE,PASEO DE LOS OLIVOS,CALLE,PASEO DE LOS OLIVOS,24,,,,,,COLONIA,LOS GRANADOS,,,,45700,14,JALISCO,2,Acatlán de Juárez,1,Acatlán de Juárez,79,24,,,,Fijo,20.41808322,-103.5960183,2014-12
1955630,SERVICIOS MEDICOS MUNICIPALES CRUZ VERDE,HONORABLE AYUNTAMIENTO DE GUADALAJARA ,622112,Hospitales generales del sector público,6 a 10 personas,CIRCUNVALACION,OBLATOS,CALLE,NINGUNO,CALLE,HACIENDA OJO ZARCO,CALLE,HACIENDA EL PLATANAR,2921,,EDIFICIO SIN NOMBRE,4,,,COLONIA,OBLATOS,EDIFICIO COMERCIAL Y DE SERVICIOS,UNIDAD ADMINISTRATIVA PRISCILIANO SANCHEZ,2921,44700,14,JALISCO,39,Guadalajara,1,Guadalajara,825,28,,,,Fijo,20.68883758,-103.2949747,2010-07
1741533,SERVICIOS MEDICOS MUNICIPALES CRUZ VERDE MAJADAS,SERVICIOS MEDICOS MUNICIPALES EL SALTO ,622112,Hospitales generales del sector público,31 a 50 personas,CALLE,DOMINGO MENDOZA,CALLE,LAS GRANJITAS,CALLE,SAN MIGUEL,CALLE,SAN ANTONIO,6787,,,,,,COLONIA,LAS PINTAS DE ARRIBA,,,,45690,14,JALISCO,70,El Salto,13,Las Pintas,1486,15,,,,Fijo,20.56936408,-103.3274967,2014-12
8505501,UNIDAD DE ALERGIA ASMA E INMUNOLOGIA CLINICA,,622311,Hospitales del sector privado de otras especialidades médicas,6 a 10 personas,CALLE,JUSTO SIERRA,CALLE,FRANCISCO GONZALEZ ROJAS,CALLE,LUIS PEREZ VERDIA,AVENIDA,MÉXICO,2430,,,,,,COLONIA,LADRON DE GUEVARA,,,,44600,14,JALISCO,39,Guadalajara,1,Guadalajara,1306,6,,UNIDAD.INMUNOALERGIA@HOTMAIL.COM,WWW.UNIDADINMUNOALERGIA.COM,Fijo,20.67773723,-103.3779393,2019-11
7780879,UNIDAD DE ESPECIALIDADES,,622311,Hospitales del sector privado de otras especialidades médicas,6 a 10 personas,CALLE,JUSTO SIERRA,CALLE,PABLO VILLASEÑOR,CALLE,VICTORIANO SALADO ÁLVAREZ,AVENIDA,MÉXICO,2520,,,,,,COLONIA,LADRON DE GUVARA,,,,44600,14,JALISCO,39,Guadalajara,1,Guadalajara,1293,26,,,,Fijo,20.67771343,-103.3806393,2019-11
1959725,UNIDAD DE INFECTOLOGIA EXTENSIÓN 45 DEL IMSS,INSTITUTO MEXICANO DEL SEGURO SOCIAL ,622112,Hospitales generales del sector público,31 a 50 personas,CALLE,GENERAL CORONADO,CALLE,JOAQUIN ANGULO,CALLE,HERRERA Y CAIRO,CALLE,JAIME NUNÓ,423,,,,,,COLONIA,VILLASEÑOR,,,,44600,14,JALISCO,39,Guadalajara,1,Guadalajara,1096,10,3338250246,,,Fijo,20.68260229,-103.3647075,2010-07
1871898,UNIDAD DE MEDICINA 1,INSTITUTO MÉXICO DEL SEGURO SOCIAL ,622112,Hospitales generales del sector público,251 y más personas,CALZADA,CALZADA DEL CAMPESINO,CALLE,MANZANO,AVENIDA,16 DE SEPTIEMBRE,AVENIDA,CONSTITUYENTES,860,,,,,,COLONIA,MODERNA,,,,44190,14,JALISCO,39,Guadalajara,1,Guadalajara,2179,24,,,,Fijo,20.66060271,-103.3508497,2010-07
1914742,UNIDAD DE MEDICINA FAMILIAR NUMERO 171,IMSS NUMERO 171 ,622112,Hospitales generales del sector público,251 y más personas,CALLE,LOPEZ MATEOS SUR,CALLE,PEDRO SIMON LAPLACE,AVENIDA,LOPEZ MATEOS SUR,CALLE,VIRGEN,3436,,,,,,MANZANA,LA CALMA,,,,45070,14,JALISCO,120,Zapopan,1,Zapopan,706,19,3336320857,,,Fijo,20.63036455,-103.4166787,2010-07
1665135,UNIDAD DE REPRODUCCIÓN DEL COUNTRY,UNIDAD DE REPRODUCCION DEL COUNTRY SC,622111,Hospitales generales del sector privado,11 a 30 personas,CALLE,MAR MARMARA,CALLE,JORGE ÁLVAREZ DEL CASTILLO Z.,CALLE,MAR BLANCO,CALLE,MAR BLANCO,1979,,,,0,,COLONIA,LOMAS DEL COUNTRY,,,,44610,14,JALISCO,39,Guadalajara,1,Guadalajara,312,6,,UNIR_C@HOTMAIL.COM,WWW.UNIR-C.COM,Fijo,20.70383138,-103.3641211,2014-12
1696035,UNIDAD DE SALUD,,622111,Hospitales generales del sector privado,0 a 5 personas,CALLE,ORION,CALLE,ESCORPION,CALLE,VIRGEN,CALLE,CRUZ DEL SUR,3319,D,,,,,MANZANA,ARBOLEDAS,,,,45070,14,JALISCO,120,Zapopan,1,Zapopan,706,11,,,,Fijo,20.63399149,-103.416482,2014-12
1872578,UNIDAD DE URGENCIAS MÉDICAS DEL VALLE,MUNICIPIO DE TLAJOMULCO DE ZUÑIGA ,622112,Hospitales generales del sector público,11 a 30 personas,AVENIDA,CONCEPCION,CALLE,BENITO JUAREZ,CALLE,NINGUNO,AVENIDA,YUSCAPAN,115,,,,0,,COLONIA,SAN JOSE DEL VALLE,,,,45645,14,JALISCO,97,Tlajomulco de Zúñiga,38,La Unión del Cuatro (San José del Valle),1795,4,132834400,,,Fijo,20.52923843,-103.3770546,2014-12
6436789,UNIDAD DEL COUNTRY,,622111,Hospitales generales del sector privado,0 a 5 personas,CALLE,JORGE ALVAREZ DEL CASTILLO Z.,CALLE,CIRCUNVALACION PROVIDENCIA,CALLE,MAR MARMARA,CALLE,MAR EGEO,1457,,EDIFICIO SIN NOMBRE,1,,,COLONIA,COUNTRY CLUB,EDIFICIO COMERCIAL Y DE SERVICIOS,UNIDAD MEDICA DEL COUNTRY,1457,44610,14,JALISCO,39,Guadalajara,1,Guadalajara,30,25,38484304,,,Fijo,20.70467017,-103.3645801,2010-07
1941816,UNIDAD ESPECIALIZADA DE ATENCIÓN OBSTÉTRICA Y N NEONATAL DE ZAPOTLANEJO,SECRETARÍA DE SALUD ,622112,Hospitales generales del sector público,51 a 100 personas,CALLE,CANTERA PIÑON,CALLE,CANTERA GRIS,CALLE,SIN REFERENCIA,CALLE,SIN REFERENCIA,616,,,,0,,COLONIA,LA CANTERA,,,,45430,14,JALISCO,124,Zapotlanejo,1,Zapotlanejo,419,1,3737349242,,,Fijo,20.63272226,-103.0745839,2010-07
1952036,UNIDAD ESPECIALIZADA PARA LA ATENCIÓN OBSTÉTRICA Y NEONATAL,SERVICIOS DE SALUD JALISCO ,622112,Hospitales generales del sector público,101 a 250 personas,PERIFERICO,MANUEL GOMEZ MORIN,CALLE,COMBATE DE ÁLICA,CALLE,MONTAÑAS ROCOSAS,CALLE,SITIO DE ÁLAMO,430,,,,0,,COLONIA,JARDINES DE SANTA ISABEL,,,,44300,14,JALISCO,39,Guadalajara,1,Guadalajara,3586,51,3331681855,HOSPITALDELAMUJER_REPORTES@HOTMAIL.COM,,Fijo,20.71782355,-103.3113654,2010-07
7113367,UNIDAD MÉDICA,,622111,Hospitales generales del sector privado,0 a 5 personas,AVENIDA,EMPRESARIOS,BOULEVARD,PUERTA DE HIERRO,CALLE,PASEO DE LOS VIRREYES,BOULEVARD,PUERTA DE HIERRO,150,,,,,,COLONIA,PUERTA DE HIERRO,,,,45116,14,JALISCO,120,Zapopan,1,Zapopan,3306,26,,,,Fijo,20.70830935,-103.4148947,2019-11
6436901,UNIDAD MÉDICA DE DIAGNÓSTICO Y TRATAMIENTO,UNIDAD MEDICA DE DIAGNOSTICO Y TRATAMIENTO SA DE CV,622111,Hospitales generales del sector privado,31 a 50 personas,CALLE,ARISTA,CALLE,FRIAS,AVENIDA,ENRIQUE DIAZ DE LEON NORTE,CALLE,GENERAL EULOGIO PARRA,1525,,,,0,,COLONIA,SANTA TERESITA,,,,44200,14,JALISCO,39,Guadalajara,1,Guadalajara,986,7,,HOSPITALARISTA@HOTMAIL.COM,,Fijo,20.68745619,-103.3596038,2010-07
8972123,UNIDAD MÉDICA DE JESÚS HOSPITAL,,622111,Hospitales generales del sector privado,6 a 10 personas,CALLE,JESUS GARCIA,CALLE,JESUS GARCIA,CALLE,JESUS GARCIA,CALLE,FRANCISCO VILLA,30,,,,,,COLONIA,JARDINES DEL ORGANO,,,,45580,14,JALISCO,98,San Pedro Tlaquepaque,1,Tlaquepaque,1735,68,,,,Fijo,20.60381832,-103.3072517,2019-11
9213950,UNIDAD MÉDICA DEL SOL,,622311,Hospitales del sector privado de otras especialidades médicas,0 a 5 personas,AVENIDA,MOCTEZUMA,CALLE,QUETZALCOATL,CALLE,NEZAHUALCOYOTL,CALLE,AXAYÁCATL,193,,,,,,COLONIA,CIUDAD DEL SOL,,,,45050,14,JALISCO,120,Zapopan,1,Zapopan,655,3,,,,Fijo,20.65089959,-103.4060066,2019-11
8978985,UNIDAD MÉDICA FAMILIAR 53,INSTITUTO MEXICANO SEGURO SOCIAL NO 53 ,622312,Hospitales del sector público de otras especialidades médicas,251 y más personas,AVENIDA,JUAN PABLO II,CALLE,BENITO JUAREZ,CALLE,HIDALGO,CALLE,5 DE MAYO,,SN,,,,,COLONIA,AVENIDA HIDALGO,,,,45100,14,JALISCO,120,Zapopan,1,Zapopan,027A,30,,,,Fijo,20.72142274,-103.3874974,2019-11
7101351,UNIDAD MÉDICA SAN MATEO,,622111,Hospitales generales del sector privado,0 a 5 personas,CALLE,NINGUNO,AVENIDA,SAN MATEO,CALLE,NINGUNO,CALLE,NINGUNO,1199,A,,,,,COLONIA,PARQUES DE TESISTAN,,,,45200,14,JALISCO,120,Zapopan,231,Tesistán (San Francisco Tesistán),5618,8,,,,Fijo,20.7952222,-103.4682415,2019-11
1663555,UNIDAD MÉDICA SAO PAULO,,622111,Hospitales generales del sector privado,0 a 5 personas,CALLE,CARLOS G. VILLASEÑOR,CALLE,ESTEBAN BACA CALDERON,CALLE,SEBASTIAN ALLENDE,AVENIDA,FRAY ANTONIO ALCALDE,921,,,,,,COLONIA,JARDINES ALCALDE,,,,44298,14,JALISCO,39,Guadalajara,1,Guadalajara,365,19,,,,Fijo,20.70292328,-103.3459259,2014-12
1900315,UNIDAD MÉDICO QUIRURGICO MIRAVALLE,UNIDAD MEDICO QUIRURGICO MIRAVALLE SC,622111,Hospitales generales del sector privado,6 a 10 personas,CALLE,BRAQUE,CALLE,BERMUDEZ,CALLE,FRANCISCO BORES,CALLE,BERMÚDEZ,4133,,,,,4133,COLONIA,MIRAVALLLE,,,,44990,14,JALISCO,39,Guadalajara,1,Guadalajara,4669,17,,,,Fijo,20.61549545,-103.3456588,2010-07
